theta_arcmin,THIBOS_ONLY,THIBOS_PLUS_ARIAS,CIE_RAW
1.000000000000000056e-01,2.509106991608649027e+06,1.707734981414207024e+06,7.788169850020147860e+06
1.029522772344191595e-01,2.513478137428984046e+06,1.710676230659157271e+06,7.709183470018433407e+06
1.059917138775270384e-01,2.517978331592256669e+06,1.713704313735973556e+06,7.626939126166076399e+06
1.091208831167039678e-01,2.522611383963316213e+06,1.716821794220105978e+06,7.541381845593870617e+06
1.123424341069555465e-01,2.527381216884784866e+06,1.720031311370858923e+06,7.452464350426895544e+06
1.156590942136875716e-01,2.532291868497714400e+06,1.723335582365788519e+06,7.360148015674430877e+06
1.190736713216936776e-01,2.537347496160273906e+06,1.726737404601064743e+06,7.264403849236759357e+06
1.225890562123111288e-01,2.542552379967371933e+06,1.730239658059748355e+06,7.165213484270125628e+06
1.262082250107565418e-01,2.547910926374184899e+06,1.733845307749984553e+06,7.062570172581617720e+06
1.299342417057136045e-01,2.553427671926662326e+06,1.737557406215178547e+06,6.956479766160741448e+06
1.337702607433065849e-01,2.559107287102166098e+06,1.741379096118279500e+06,6.846961672437943518e+06
1.377195296976543859e-01,2.564954580263499171e+06,1.745313612902359804e+06,6.734049767443186603e+06
1.417853920202673534e-01,2.570974501729663461e+06,1.749364287529740948e+06,6.617793249777124263e+06
1.459712898706136963e-01,2.577172147966803983e+06,1.753534549301986583e+06,6.498257417264850810e+06
1.502807670302518384e-01,2.583552765902872663e+06,1.757827928763150005e+06,6.375524347403189167e+06
1.547174719029964785e-01,2.590903838444606401e+06,1.762805386901816120e+06,6.249693462302252650e+06
1.592851606036575218e-01,2.604875480853634421e+06,1.772493084934771992e+06,6.120881958825844340e+06
1.639877001379672905e-01,2.619259604880778119e+06,1.782466790671294089e+06,5.989225085111502558e+06
1.688290716763880539e-01,2.634068388126946520e+06,1.792734947851703269e+06,5.854876245652017184e+06
1.738133739245713016e-01,2.649314367709585465e+06,1.803306249498944264e+06,5.718006918684016913e+06
1.789448265933222537e-01,2.665010450876607094e+06,1.814189645278098527e+06,5.578806371780184098e+06
1.842277739710078133e-01,2.681169925933664665e+06,1.825394349073172547e+06,5.437481164282967336e+06
1.896666886014310438e-01,2.697806473494032864e+06,1.836929846787572373e+06,5.294254428531966172e+06
1.952661750702877896e-01,2.714934178060619161e+06,1.848805904374871403e+06,5.149364925680514425e+06
2.010309739034089327e-01,2.732567539949903265e+06,1.861032576106667053e+06,5.003065876201471314e+06
2.069659655800904496e-01,2.750721487567907665e+06,1.873620213084527524e+06,4.855623569851729088e+06
2.130761746649073030e-01,2.769411390048586763e+06,1.886579472003236646e+06,4.707315764780678786e+06
2.193667740615105610e-01,2.788653070265337825e+06,1.899921324172752444e+06,4.558429890487498604e+06
2.258430893920082561e-01,2.808462818226648029e+06,1.913657064806518378e+06,4.409261074297650717e+06
2.325106035056374310e-01,2.828857404867216013e+06,1.927798322583994130e+06,4.260110015770017169e+06
2.393749611205450156e-01,2.849854096246227156e+06,1.942357069495494710e+06,4.111280737789075356e+06
2.464419736026065844e-01,2.871470668164801784e+06,1.957345630977680208e+06,3.963078246871746145e+06
2.537176238853296462e-01,2.893725421214990783e+06,1.972776696348271333e+06,3.815806138269215822e+06
2.612080715350054705e-01,2.916637196273056790e+06,1.988663329548826674e+06,3.669764183634603396e+06
2.689196579653987396e-01,2.940225390450162813e+06,2.005018980204677442e+06,3.525245940251271706e+06
2.768589118063891075e-01,2.964509973513970617e+06,2.021857495011382271e+06,3.382536421003260184e+06
2.850325544311098080e-01,2.989511504795044661e+06,2.039193129457339877e+06,3.241909863388137426e+06
2.934475056462629294e-01,3.015251150592386723e+06,2.057040559892487712e+06,3.103627633936517872e+06
3.021108895504284186e-01,3.041750702092822641e+06,2.075414895953300875e+06,2.967936301467740443e+06
3.110300405653269040e-01,3.060486611093695275e+06,2.088551258618049324e+06,2.835065908775043208e+06
3.202125096451417519e-01,3.058230918636752293e+06,2.087502754104758846e+06,2.705228467730132397e+06
3.296660706691575959e-01,3.055908631884925067e+06,2.086423294831420761e+06,2.578616697590248194e+06
3.393987270231273445e-01,3.053517784790005069e+06,2.085311966927700909e+06,2.455403020666142926e+06
3.494187183749395409e-01,3.051056353260592557e+06,2.084167829543279950e+06,2.335738823664952535e+06
3.597345276503221556e-01,3.048522253448496107e+06,2.082989914051328087e+06,2.219753987157808151e+06
3.703548882144879206e-01,3.045913339984549675e+06,2.081777223228466697e+06,2.107556679931727238e+06
3.812887912658028400e-01,3.043227404162341263e+06,2.080528730410518125e+06,1.999233409645879874e+06
3.925454934477351499e-01,3.040462172068323009e+06,2.079243378623331897e+06,1.894849316378233489e+06
4.041345246855309603e-01,3.037615302656714339e+06,2.077920079687950434e+06,1.794448691444329685e+06
4.160656962542501058e-01,3.034684385767572559e+06,2.076557713299356168e+06,1.698055700388289755e+06
4.283491090849918526e-01,3.031666940086353105e+06,2.075155126078022411e+06,1.605675286344502121e+06
4.409951623163453904e-01,3.028560411043226253e+06,2.073711130593460053e+06,1.517294228070553625e+06
4.540145620983007668e-01,3.025362168650378473e+06,2.072224504358940991e+06,1.432882325849223416e+06
4.674183306560767415e-01,3.005224414499773644e+06,2.058900979007476475e+06,1.352393688112339471e+06
4.812178156215381475e-01,2.952923460112391505e+06,2.023083321367311059e+06,1.275768091990799177e+06
4.954246996401021064e-01,2.899078436555245891e+06,1.986208227174732601e+06,1.202932391962833237e+06
5.100510102612663133e-01,2.843643758625755552e+06,1.948244477971136337e+06,1.133801952263257932e+06
5.251091301211345819e-01,2.786572495319779031e+06,1.909159933642470278e+06,1.068282080629061209e+06
5.406118074255574779e-01,2.727816330099824350e+06,1.868921505209412193e+06,1.006269443187704310e+06
5.565721667427642183e-01,2.667325519990263507e+06,1.827495126814237097e+06,9.476534427424989408e+05
5.730037201146244152e-01,2.605048853464922402e+06,1.784845726880656788e+06,8.923175452789162518e+05
5.899203784959432539e-01,2.540933607091399375e+06,1.740937198422221467e+06,8.401405421200181590e+05
6.073364635314784099e-01,2.474925500895397738e+06,1.695732368474138901e+06,7.909977377226473764e+05
6.252667196806448446e-01,2.446009889650598168e+06,1.675875949627004564e+06,7.447620555652072653e+05
6.437263267001759326e-01,2.462057270395061933e+06,1.686747003899679985e+06,7.013050568818909815e+05
6.627309124953079111e-01,2.478578414307964966e+06,1.697939001832789043e+06,6.604978691090878565e+05
6.822965663503653966e-01,2.495587308191474061e+06,1.709461418572953902e+06,6.222120228010438150e+05
7.024398525499508938e-01,2.513098351776932832e+06,1.721324008999393787e+06,5.863201974282687297e+05
7.231778244022705193e-01,2.531126369915673975e+06,1.733536815982405562e+06,5.526968778878871817e+05
7.445280386764667746e-01,2.549686625129742548e+06,1.746110178885660600e+06,5.212189247322421870e+05
7.665085704661794841e-01,2.568794830533145927e+06,1.759054742319509154e+06,4.917660620693546953e+05
7.891380284919244925e-01,2.416430764822749421e+06,1.655074968173119938e+06,4.642212878201038693e+05
8.124355708552357669e-01,2.214367011615345720e+06,1.517203881109161768e+06,4.384712115497048944e+05
8.364209212579182262e-01,2.006337776222987566e+06,1.375262457328968216e+06,4.144063254449708620e+05
8.611143857001349877e-01,1.792166941073202062e+06,1.229130529208300170e+06,3.919212142052150448e+05
8.865368696714683860e-01,1.571673189114527311e+06,1.078684381441509817e+06,3.709147096748525510e+05
9.127098958495114545e-01,1.344669850313458359e+06,9.237966463041390525e+05,3.512899959910134203e+05
9.396556223209675540e-01,1.196694218697416596e+06,8.226204725129271392e+05,3.329546708699308801e+05
9.673968613406891404e-01,1.122120172239295207e+06,7.713303841267047683e+05,3.158207684303204878e+05
9.959570986445358542e-01,1.045344493184805382e+06,7.185260701375424396e+05,2.998047486676325207e+05
1.025360513332399970e+00,9.663021832360194530e+05,6.641628264076870400e+05,2.848274583652769215e+05
1.055631998338236510e+00,8.849263251650545280e+05,6.081946290093018906e+05,2.708140678712325753e+05
1.086797181504420173e+00,8.100004911653177114e+05,5.567495125081887236e+05,2.576939877925199398e+05
1.118882447278284342e+00,7.629596819180042949e+05,5.247810788631757023e+05,2.454007692757636833e+05
1.151914959049193055e+00,7.145300975683960132e+05,4.918688484294607770e+05,2.338719911577905004e+05
1.185922682145071017e+00,6.646707376253106631e+05,4.579849577093118569e+05,2.230491368926664582e+05
1.220934407507852981e+00,6.133393911493984051e+05,4.231007205972963711e+05,2.128774637962950219e+05
1.256979776067898458e+00,5.537734405992837856e+05,3.825822680611357791e+05,2.033058668009790708e+05
1.294089303838003913e+00,4.886208934883124894e+05,3.382444130732777412e+05,1.942867385835686582e+05
1.332294407748266796e+00,4.215448625613395125e+05,2.925975816863832297e+05,1.857758276245139132e+05
1.371627432243658351e+00,3.524885612435579533e+05,2.456031292882199050e+05,1.777320954731846577e+05
1.412121676666836079e+00,3.059155144644699176e+05,2.133294291424798721e+05,1.701175742385223566e+05
1.453811423449369755e+00,2.750983660118608386e+05,1.913559501838948636e+05,1.628972250943185063e+05
1.496731967135250585e+00,2.433714099011886283e+05,1.687337532084059203e+05,1.560387983856812643e+05
1.540919644261258714e+00,2.107077860880868393e+05,1.454436862616841390e+05,1.495126957477164979e+05
1.586411864119476656e+00,1.977741537369893049e+05,1.367379786993031739e+05,1.432918344990468177e+05
1.633247140428000455e+00,1.850851931834295392e+05,1.282376039783438027e+05,1.373515144511453982e+05
1.681465123936658257e+00,1.720216193361625483e+05,1.194862746296572004e+05,1.316692871789569617e+05
1.731106635995338872e+00,1.596381173101012246e+05,1.111678504738281772e+05,1.262248277280272450e+05
1.782213703113348702e+00,1.473630289588465821e+05,1.029112974611464015e+05,1.209998086871521227e+05
1.834829592539062748e+00,1.347255459686930699e+05,9.441098811352349003e+04,1.159777765318838792e+05
1.888998848889979154e+00,1.203934955530982843e+05,8.480804689744570351e+04,1.111440301412245462e+05
1.944767331864198034e+00,1.050764158654953935e+05,7.455945548023351876e+04,1.064855014052778133e+05
2.002182255065246608e+00,8.930713352129732084e+04,6.400829723176218249e+04,1.019906378729503049e+05
2.061292225973117898e+00,8.556229789563937811e+04,6.176609285761033971e+04,9.764928743308332923e+04
2.122147287095374146e+00,8.232301533619369729e+04,5.988292507842500345e+04,9.345258507646282669e+04
2.184798958333134866e+00,7.735938840954242914e+04,5.690667330739329918e+04,8.939284184657332662e+04
2.249300280597831048e+00,6.983705329122586409e+04,5.230600578428247536e+04,8.546343615017189586e+04
2.315705860715647102e+00,6.224200283715409023e+04,4.770919412744297733e+04,8.165870766116942104e+04
2.384071917657666351e+00,5.856475932184714475e+04,4.685014434330652875e+04,7.797385410942905582e+04
2.454456330134854092e+00,5.477895338338369038e+04,4.596573302796070493e+04,7.440483129665370507e+04
2.526918685598185110e+00,4.893754648566708056e+04,4.270251202658286638e+04,7.094825672164192656e+04
2.601520330685384241e+00,4.248229025035636732e+04,3.880871389660105342e+04,6.760131722443344188e+04
2.678324423156994705e+00,3.981663915520631417e+04,3.757557220710382535e+04,6.436168107143431553e+04
2.757395985365747038e+00,3.853975134726839315e+04,3.732937030829481228e+04,6.122741490039361815e+04
2.838801959304489309e+00,3.453580130984428251e+04,3.503585583209418837e+04,5.819690592471710261e+04
2.922611263279280891e+00,2.959375694114616635e+04,3.205269745561226591e+04,5.526878976142923784e+04
3.008894850255645181e+00,2.902036891204508356e+04,3.151126569622851093e+04,5.244188419723709376e+04
3.097725767927352880e+00,2.816683075628146617e+04,3.106839856597352627e+04,4.971512914438799635e+04
3.189179220558608030e+00,2.311774436149756366e+04,2.980936974665025264e+04,4.708753296467455948e+04
3.283332632651987826e+00,2.017673493813753157e+04,2.914306493024196971e+04,4.455812525881089095e+04
3.380265714496027751e+00,1.972281746433404260e+04,2.917538555774849010e+04,4.212591613252962270e+04
3.480060529647970302e+00,1.724250485751172528e+04,2.733921046758208468e+04,3.978986186331538192e+04
3.582801564408773842e+00,1.508907133776021146e+04,2.591258823420331100e+04,3.754883680583705427e+04
3.688575799349227857e+00,1.422560245766309708e+04,2.587911930615387610e+04,3.540161129281399917e+04
3.797472782947709291e+00,1.258797314976303096e+04,2.381119767779043832e+04,3.334683521388002555e+04
3.909584707401940307e+00,1.101650459910366044e+04,2.217152614755270770e+04,3.138302689018176898e+04
4.025006486678901041e+00,9.713987043319941222e+03,2.138598873467762314e+04,2.950856680865836825e+04
4.143835836869016021e+00,8.884445356278358304e+03,2.094258561454500887e+04,2.772169573832744209e+04
4.266173358912602964e+00,7.597552415468913750e+03,1.896169587925117958e+04,2.602051672203598719e+04
4.392122623768634604e+00,6.814003111989425634e+03,1.760057919321195004e+04,2.440300042105963803e+04
4.521790260097931835e+00,6.079680952667063139e+03,1.662583526751745012e+04,2.286699328620582673e+04
4.655286044534985734e+00,4.967567179934117121e+03,1.533623925780979334e+04,2.141022803682842277e+04
4.792722994624884159e+00,4.825336991289717844e+03,1.466228069155602680e+04,2.003033594718055610e+04
4.934217464503967143e+00,3.816527753920241594e+03,1.291357775132292772e+04,1.872486046636723404e+04
5.079889243405252053e+00,3.754718778356443636e+03,1.204503455448615387e+04,1.749127173218846292e+04
5.229861657072012449e+00,2.833878277345187598e+03,1.104903617532517274e+04,1.632698157870319483e+04
5.384261672165369106e+00,2.855968888442554999e+03,1.007717452781959219e+04,1.522935868071556251e+04
5.543220003754263381e+00,2.177705729721230909e+03,9.328938417350947930e+03,1.419574352398242991e+04
5.706871225978869866e+00,2.246138352531386772e+03,9.166164283764834181e+03,1.322346293629363754e+04
5.875353885981061453e+00,1.587148964790947957e+03,8.123883748798554734e+03,1.230984396038016530e+04
6.048810621198441595e+00,1.648620845659180986e+03,7.692060553792573955e+03,1.145222689375190203e+04
6.227388280121214592e+00,1.295265888193172714e+03,7.117557151284218889e+03,1.064797736215972691e+04
6.411238046614119668e+00,1.173176112648610570e+03,6.485864952901660217e+03,9.894497331727756318e+03
6.600515567908727732e+00,1.065040026613135524e+03,6.057504531775049145e+03,9.189234999426795184e+03
6.795381086374389312e+00,8.191575885779127475e+02,5.501193405372524467e+03,8.529693532163941200e+03
6.995999575179445706e+00,7.987825321134025671e+02,5.112489470972982417e+03,7.913438651215622485e+03
7.202540877957529730e+00,6.908672033227776410e+02,4.761234158795079566e+03,7.338105081047851854e+03
7.415179852597207244e+00,5.695657460559388028e+02,4.424062093279912915e+03,6.801401899880554083e+03
7.634096519276670989e+00,5.288020178888203873e+02,3.950777875959758603e+03,6.301116843887924915e+03
7.859476212868862000e+00,4.754934099861402501e+02,3.807648979882551885e+03,5.835119627977839627e+03
8.091509739845978544e+00,4.024483230838740155e+02,3.529756063713133244e+03,5.401364354000690582e+03
8.330393539816260073e+00,3.575889599061412127e+02,3.257072900349953215e+03,4.997891082366811133e+03
8.576329851829779471e+00,3.222450500374415583e+02,3.027325342184101828e+03,4.622826645778321108e+03
8.829526885594049190e+00,2.772485850753490126e+02,2.729603664860336721e+03,4.274384784475439119e+03
9.090198997744360909e+00,2.366661768943788786e+02,2.610304545165485706e+03,3.950865681415351446e+03
9.358566873318165946e+00,2.174409131939093243e+02,2.359010463481359238e+03,3.650654973474076087e+03
9.634857712587031386e+00,1.979106803540267947e+02,2.198462080368785337e+03,3.372222311392330539e+03
9.919305423404416899e+00,1.837963871448757516e+02,2.107974738672720378e+03,3.114119537043909986e+03
1.021215081923208956e+01,1.694394266450138105e+02,1.983690478823707963e+03,2.874978541926827347e+03
1.051364182301282924e+01,1.549203682965441828e+02,1.760468741795561527e+03,2.653508865765145401e+03
1.082403367706200825e+01,1.403045539180700132e+02,1.663088707267734662e+03,2.448495088932921590e+03
1.114358915915578407e+01,1.225135895390750136e+02,1.578023553055974844e+03,2.258794067209888908e+03
1.147257880499874183e+01,1.065653946742618245e+02,1.385771408681607454e+03,2.083332052262666366e+03
1.181128113725951678e+01,9.163504360359017653e+01,1.315318755084743998e+03,1.921101736300989160e+03
1.215998290136807292e+01,7.672266285994558643e+01,1.189229592888880234e+03,1.771159254650356843e+03
1.251897930827442451e+01,7.016848140517475940e+01,1.153784257402343883e+03,1.632621175555047103e+03
1.288857428437425590e+01,6.957755192992081561e+01,1.050501131107508854e+03,1.504661502408753904e+03
1.326908072881303902e+01,6.805564735443287816e+01,9.884167526694639037e+02,1.386508709819938076e+03
1.366082077838648701e+01,5.621751503294493091e+01,8.808052538997438887e+02,1.277442831461307378e+03
1.406412608026159283e+01,4.902050654282282949e+01,8.288502295652111798e+02,1.176792614525062618e+03
1.447933807274916340e+01,4.697861267696424648e+01,7.580897020468055416e+02,1.083932752798592901e+03
1.490680827436552214e+01,4.239245801585241935e+01,7.142206918155546873e+02,9.982812078757347081e+02
1.534689858142814245e+01,3.798888145490315082e+01,6.504637732244515291e+02,9.192966258094189698e+02
1.579998157443704265e+01,3.455680081811109972e+01,5.917883189999942033e+02,8.464758545735597863e+02
1.626644083350156933e+01,3.161917759267241834e+01,5.658938352826776281e+02,7.793515660149831774e+02
1.674667126307929621e+01,2.929448724198946152e+01,5.292374874186607485e+02,7.174899845194688623e+02
1.724107942630220336e+01,2.425659865441213014e+01,4.939411994606280132e+02,6.604887233685849424e+02
1.775008388917304814e+01,2.620571968617474923e+01,4.608264338874499231e+02,6.079747287060797589e+02
1.827411557492340677e+01,2.156550503038893396e+01,4.311964984592859196e+02,5.596023301445187599e+02
1.881361812883331552e+01,1.707490896574597983e+01,3.931866865550674675e+02,5.150513963064594236e+02
1.936904829382141813e+01,1.766054697569497023e+01,3.693386946568883218e+02,4.740255929924496172e+02
1.994087629712355891e+01,1.720066380470762368e+01,3.385718008753324852e+02,4.362507411846677883e+02
2.052958624838722557e+01,1.593976433372445811e+01,3.221226158643540884e+02,4.014732717153868293e+02
2.113567654951883057e+01,1.437835905557461480e+01,2.926425703813259247e+02,3.694587731402809823e+02
2.175966031663074318e+01,1.268960873440883397e+01,2.735133487441171951e+02,3.399906291457475618e+02
2.240206581444557088e+01,1.127192325978892207e+01,2.520493922800858968e+02,3.128687416758681934e+02
2.306343690352504439e+01,1.052133591258619560e+01,2.361594000871859862e+02,2.879083358786774625e+02
2.374433350070244231e+01,1.032471305144501272e+01,2.136116900087389467e+02,2.649388429340332323e+02
2.444533205310824187e+01,8.605948369285773225e+00,2.010544786811485380e+02,2.438028568290221472e+02
2.516702602619032447e+01,7.279334725432786257e+00,1.811779388424803017e+02,2.243551611843816431e+02
2.591002640614188834e+01,8.194052826014729618e+00,1.728140612093080790e+02,2.064618223009202325e+02
2.667496221716240612e+01,5.877706645086131942e+00,1.581501988977284157e+02,1.899993446829626862e+02
2.746248105398960249e+01,6.536896989786738388e+00,1.472037721177034939e+02,1.748538854018511017e+02
2.827324963015321302e+01,5.388616103298325299e+00,1.369452795273835761e+02,1.609205237824202470e+02
2.910795434241475377e+01,5.021237161284484607e+00,1.257526428487437045e+02,1.481025830256910467e+02
2.996730185187098883e+01,4.552494340845095522e+00,1.188671611757239361e+02,1.363110005187937475e+02
3.085201968221344870e+01,3.898230479179170871e+00,1.078918394915127550e+02,1.254637437258001427e+02
3.176285683564995210e+01,3.446898176533824021e+00,1.005899449058254191e+02,1.154852686985799295e+02
3.270058442700999279e+01,3.099895260629527804e+00,9.494764038610750845e+01,1.063060183931616791e+02
3.366599633657062896e+01,3.050530767944517940e+00,8.725509822341530253e+01,9.786195812291111906e+01
3.465990988215558843e+01,3.078713340646445307e+00,8.119461620063830765e+01,9.009414562387028980e+01
3.568316651107666360e+01,2.758929166386560272e+00,7.575390033846159099e+01,8.294833334885058207e+01
3.673663251250306416e+01,2.487158516695210597e+00,6.902184595230917807e+01,7.637460074452513936e+01
3.782119975086191488e+01,2.191432138292530585e+00,6.424824802281364100e+01,7.032701439920278119e+01
3.893778642089080932e+01,2.083026773522736352e+00,6.003704667456301536e+01,6.476331407770317128e+01
4.008733782498156728e+01,2.116324251162631231e+00,5.585908927627327358e+01,5.964462278345204282e+01
4.127082717347319374e+01,1.781184935702277095e+00,5.214913970174196578e+01,5.493517910632549928e+01
4.248925640857211761e+01,1.590537769187203132e+00,4.764470774382022711e+01,5.060209022775212162e+01
4.374365705259637593e+01,1.451733815334141031e+00,4.445615869506902129e+01,4.661510406207035828e+01
4.503509108126257132e+01,1.247003899477774125e+00,4.155613994833306180e+01,4.294639911510699903e+01
4.636465182275462382e+01,1.259332613850916882e+00,3.875545060816943277e+01,3.957039073746597779e+01
4.773346488333551463e+01,1.118661734894679682e+00,3.464504825780137054e+01,3.646355254116583922e+01
4.914268910028569337e+01,1.057742660882227792e+00,3.267084936713698085e+01,3.360425183417222428e+01
5.059351752297480687e+01,9.129509072329419217e-01,3.051326131554368004e+01,3.097259800818985909e+01
5.208717842289745903e+01,8.862251573774654334e-01,2.802420132536913044e+01,2.855030289097704710e+01
5.362493633352795541e+01,8.288486430388227744e-01,2.605672647594815672e+01,2.632055214561503220e+01
5.520809312087446585e+01,8.115125825427740303e-01,2.429297237296081136e+01,2.426788686580123056e+01
5.683798908563903041e+01,6.589951598048173764e-01,2.246926508475470996e+01,2.237809457854602613e+01
5.851600409791599589e+01,6.043774216610738881e-01,2.069524624362388465e+01,2.063810892384618256e+01
6.024355876539055288e+01,5.685350657738026392e-01,1.937900282931477491e+01,1.903591733519118279e+01
6.202211563602510580e+01,4.634170389203825513e-01,1.776676771438972224e+01,1.756047609534722298e+01
6.385318043625260032e+01,4.264038980078611596e-01,1.641440837446150880e+01,1.620163218895280011e+01
6.573830334572467393e+01,4.254812214163134487e-01,1.544893559666355642e+01,1.495005141726004716e+01
6.767908030969391575e+01,3.610567144772593995e-01,1.428418942399983038e+01,1.379715228105665226e+01
6.967715439014126844e+01,3.850906644028787573e-01,1.341891620314126321e+01,1.273504517559513616e+01
7.173421715679249644e+01,3.130062870381447593e-01,1.219512411732825719e+01,1.175647647642119509e+01
7.385201011920128167e+01,3.142352304770417160e-01,1.142591975531518322e+01,1.085477712750440560e+01
7.603232620111138829e+01,3.103962036799792767e-01,1.050345809727163804e+01,1.002381537319901028e+01
7.827701125834619234e+01,2.506885669285253138e-01,9.841566222072176018e+00,9.257953303458279493e+00
8.058796564151006692e+01,2.295925270967423548e-01,8.961470039321156378e+00,8.552006907543391989e+00
8.296714580482590407e+01,2.364658477831376171e-01,8.407531772400487213e+00,7.901209355347334373e+00
8.541656596246913580e+01,2.070952721015129616e-01,7.772039441656069414e+00,7.301177247533822801e+00
8.793829979380173256e+01,1.747750185042194482e-01,7.167880973912235554e+00,6.747879596092161592e+00
9.053448219894940507e+01,1.820504404031997314e-01,6.648126094445804490e+00,6.237609315754790273e+00
9.320731110620826598e+01,1.457504107105110636e-01,6.129246310538974285e+00,5.766957024123986919e+00
9.595904933281109095e+01,1.417690808247882295e-01,5.773013095615996626e+00,5.332786964413054775e+00
9.879202650062872237e+01,1.227157649928525135e-01,5.316122561933453561e+00,4.932214879523741935e+00
1.017086410084281169e+02,1.141929216798815844e-01,4.914572043560611725e+00,4.562587679846559219e+00
1.047113620623570540e+02,1.173715118196776153e-01,4.590039597664230087e+00,4.221464759769786745e+00
1.078027317663743503e+02,1.029322831909154495e-01,4.261894669053626572e+00,3.906600829495966209e+00
1.109853672743949602e+02,9.120817043399881419e-02,3.944309031312338565e+00,3.615930139465652005e+00
1.142619630059734135e+02,7.466140305051888193e-02,3.638081638091877235e+00,3.347551984546060400e+00
1.176352929273992203e+02,7.703896281974477456e-02,3.389530876780812552e+00,3.099717384221792660e+00
1.211082129001371186e+02,7.179212181468734577e-02,3.140347193011503890e+00,2.870816843384453421e+00
1.246836630985997516e+02,6.236794179643995878e-02,2.888957143869479438e+00,2.659369106014338069e+00
1.283646704992995922e+02,5.955023155978109162e-02,2.698930647849507647e+00,2.464010821130771856e+00
1.321543514434875704e+02,5.528903112530249991e-02,2.477005701307217755e+00,2.283487046906123474e+00
1.360559142754479467e+02,4.510179036437452632e-02,2.300036498156777576e+00,2.116642524835827377e+00
1.400726620586828517e+02,4.611258104906615363e-02,2.127545444269309360e+00,1.962413661373789031e+00
1.442079953722862058e+02,3.794447680737449841e-02,1.979865584834593850e+00,1.819821159516856968e+00
1.484654151898745909e+02,3.882328259702695628e-02,1.843830914771394713e+00,1.687963247488626140e+00
1.528485258435111689e+02,3.403532925776805995e-02,1.714027781400494499e+00,1.566009455963746078e+00
1.573610380751344167e+02,3.232477842128430451e-02,1.571151480587716698e+00,1.453194899218861691e+00
1.620067721780722820e+02,2.858030698168329345e-02,1.458697999120062816e+00,1.348815019223087441e+00
1.667896612313028299e+02,2.638844156837324290e-02,1.348876322076457024e+00,1.252220755014255227e+00
1.717137544291994118e+02,2.360664207712752372e-02,1.253687624969342052e+00,1.162814102771090097e+00
1.767832205095790812e+02,2.125278596931913164e-02,1.159153806466784342e+00,1.080044034807062348e+00
1.820023512829563970e+02,2.039330135858007445e-02,1.075062177925977025e+00,1.003402748299051739e+00
1.873755652659907014e+02,1.707036553005297427e-02,1.000261967044457911e+00,9.324222169413327599e-01
1.929074114222027561e+02,1.861527074300889720e-02,9.244599393448135194e-01,8.666710208997135956e-01
1.986025730131277669e+02,1.657411373257818010e-02,8.658064224436099465e-01,8.057514324474210898e-01
2.044658715631652228e+02,1.406602865977141757e-02,7.889873391957605842e-01,7.492967365078564423e-01
2.105022709414812709e+02,1.352306005240700923e-02,7.368751963946508221e-01,6.969687670228503773e-01
2.167168815644219535e+02,1.167858267035040178e-02,6.840246946151742335e-01,6.484556416205915497e-01
2.231149647219915266e+02,1.170495520907510571e-02,6.320749756785947193e-01,6.034696784862791930e-01
2.297019370320612097e+02,1.013034280056268437e-02,5.867453369027352261e-01,5.617454806508461740e-01
2.364833750260785905e+02,9.708222357538473513e-03,5.414551732438177556e-01,5.230381741184505495e-01
2.434650198701595798e+02,8.342321595005572354e-03,5.014208043596146691e-01,4.871217873604100079e-01
2.506527822255603724e+02,8.468353007540190339e-03,4.680597156088767696e-01,4.537877607198950725e-01
2.580527472526438260e+02,6.929097393404449155e-03,4.322915337073867104e-01,4.228435752053528729e-01
2.656711797625768554e+02,7.036152844577221038e-03,4.016502929314898496e-01,3.941114910080397160e-01
2.735145295211202097e+02,6.280858693222609798e-03,3.704376164445282171e-01,3.674273868664345022e-01
2.815894367090011770e+02,5.404308574186728574e-03,3.427874334253935840e-01,3.426396921233810233e-01
2.899027375434901614e+02,5.482749968058899838e-03,3.186255816026778986e-01,3.196084039858101966e-01
2.984614700659445816e+02,4.933951747107570042e-03,2.936938876774207174e-01,2.982041831066387649e-01
3.072728801002141950e+02,4.478346772479689826e-03,2.728644090494018459e-01,2.783075211684058470e-01
3.163444273869569088e+02,3.930404787855887490e-03,2.532502884814850641e-01,2.598079746623656594e-01
3.256837918990556773e+02,3.704311623202249850e-03,2.342890978428386062e-01,2.426034595289593698e-01
3.352988803434845408e+02,3.497012208279018028e-03,2.177693540805423766e-01,2.265996017591780376e-01
3.451978328551275581e+02,3.472406623990776080e-03,2.019806129716586185e-01,2.117091394545227989e-01
3.553890298882178058e+02,3.026964151503158153e-03,1.868498018576629227e-01,1.978513722089185467e-01
3.658810993112307415e+02,2.834866814557212168e-03,1.740657850743920210e-01,1.849516540117434049e-01
3.766829237112388000e+02,2.676214862431490048e-03,1.604798314782169277e-01,1.729409261795097075e-01
3.878036479139105381e+02,2.433940138377993414e-03,1.488311195559877675e-01,1.617552871069393439e-01
3.992526867255199932e+02,2.370946221301315458e-03,1.378580446602174492e-01,1.513355958882657282e-01
4.110397329035243388e+02,2.247127947518458464e-03,1.275256703182353346e-01,1.416271070984591873e-01
4.231747653624523764e+02,1.903892797068194561e-03,1.182515774118184926e-01,1.325791342434645692e-01
4.356680576220547891e+02,1.852730967849724325e-03,1.098889284873060118e-01,1.241447395900242001e-01
4.485301865048668333e+02,1.810309850017114601e-03,1.019783892075835086e-01,1.162804482707339576e-01
4.617720410905478161e+02,1.750590070209294543e-03,9.417942017512155595e-02,1.089459847299655559e-01
4.754048319345767482e+02,1.530684712224057763e-03,8.752084817312930087e-02,1.021040297324323914e-01
4.894401005591099079e+02,1.498464597238369353e-03,8.116652440169820626e-02,9.571999629960195599e-02
5.038897292240347383e+02,1.371851323147233034e-03,7.530577417027382869e-02,8.976182307091679080e-02
5.187659509864922711e+02,1.353759787010528747e-03,6.990932046134412658e-02,8.419978370782310595e-02
5.340813600573850408e+02,1.161955258649305638e-03,6.452058835785143276e-02,7.900631106980360308e-02
5.498489224636354038e+02,1.157888917505866784e-03,5.973699793766035909e-02,7.415583499377376153e-02
5.660819870252283863e+02,1.126984787392531530e-03,5.548604774918702853e-02,6.962463260206219751e-02
5.827942966563218761e+02,1.123617853981804908e-03,5.154606558549257311e-02,6.539069015044618460e-02
6.000000000000000000e+02,1.047228846849321661e-03,4.786404315518359015e-02,6.143357550695680014e-02
