theta_arcmin,psf_sr-1,s_deg2_sr-1,encircled_energy
1.000000000000000056e-01,7.791222731284170412e+06,2.164228536467825492e+01,2.266972379928102951e-02
1.022042723892966909e-01,7.732312989239082672e+06,2.243597905275015236e+01,2.358935733745451055e-02
1.044571329462555542e-01,7.671581207736779004e+06,2.325190762261719613e+01,2.454257593365732210e-02
1.067596526864408035e-01,7.609003106925757602e+06,2.409015338324704558e+01,2.553030932881939288e-02
1.091129262335170658e-01,7.544556685722257011e+06,2.495075152179187938e+01,2.655348974959873334e-02
1.115180723396361623e-01,7.478222444130939431e+06,2.583368656809095754e+01,2.761304983566826438e-02
1.139762344172946806e-01,7.409983610632856376e+06,2.673888883363962776e+01,2.870992046154009769e-02
1.164885810829151824e-01,7.339826373525504023e+06,2.766623084908579600e+01,2.984502841267557341e-02
1.190563067124093821e-01,7.267740114946486428e+06,2.861552382700921271e+01,3.101929386373787623e-02
1.216806320089874049e-01,7.193717646156142466e+06,2.958651417943508832e+01,3.223362780717363429e-02
1.243628045834832413e-01,7.117755442497496493e+06,3.057888012218962004e+01,3.348892919589985251e-02
1.271040995474719826e-01,7.039853876296255738e+06,3.159222840077413963e+01,3.478608212511426212e-02
1.299058201194610851e-01,6.960017445811996236e+06,3.262609117486610444e+01,3.612595268380723590e-02
1.327692982444438063e-01,6.878254998206688091e+06,3.367992310078975038e+01,3.750938587148733988e-02
1.356958952271090646e-01,6.794579944362057373e+06,3.475309865327960779e+01,3.893720223660358803e-02
1.386870023790091888e-01,6.709010463255334646e+06,3.584490972951748944e+01,4.041019452610258161e-02
1.417440416799929659e-01,6.621569693498400971e+06,3.695456357969585071e+01,4.192912417188862650e-02
1.448684664542182476e-01,6.532285909560715780e+06,3.808118110917440191e+01,4.349471772178568202e-02
1.480617620610661100e-01,6.441192680136297829e+06,3.922379559758979184e+01,4.510766323007211337e-02
1.513254466012843857e-01,6.348329006082583219e+06,4.038135187997924191e+01,4.676860653887765507e-02
1.546610716386964124e-01,6.253739435358065180e+06,4.155270603402959750e+01,4.847814764186959141e-02
1.580702229378185830e-01,6.157474152419369668e+06,4.273662561590531084e+01,5.023683690508543714e-02
1.615545212177366408e-01,6.059589039610170759e+06,4.393179048469425396e+01,5.204517147093052493e-02
1.651156229225996808e-01,5.960145708186327480e+06,4.513679425230078124e+01,5.390359155036114625e-02
1.687552210090977889e-01,5.859211496776214801e+06,4.635014639158648464e+01,5.581247692689386697e-02
1.724750457512979618e-01,5.756859435273490846e+06,4.757027503069878094e+01,5.777214345827314662e-02
1.762768655632206694e-01,5.653168172402364202e+06,4.879553045584269455e+01,5.978283977724066500e-02
1.801624878395484131e-01,5.548221865482014604e+06,5.002418933826584180e+01,6.184474411979976050e-02
1.841337598148655996e-01,5.442110031246469356e+06,5.125445969398624158e+01,6.395796135021615536e-02
1.881925694418385697e-01,5.334927356945976615e+06,5.248448657686265761e+01,6.612252022581471822e-02
1.923408462887530312e-01,5.226773471362701617e+06,5.371235849707353793e+01,6.833837088131734794e-02
1.965805624568356114e-01,5.117752675812679343e+06,5.493611454804433691e+01,7.060538263714953577e-02
2.009137335177957895e-01,5.007973635671710595e+06,5.615375221547116524e+01,7.292334207847957217e-02
2.053424194720337159e-01,4.897549033448630013e+06,5.736323583247911273e+01,7.529195150591820596e-02
2.098687257279695517e-01,4.786595184927474707e+06,5.856250563529235365e+01,7.771082773514484399e-02
2.144948041029600128e-01,4.675231620402039960e+06,5.974948736425687201e+01,8.017950128657003184e-02
2.192228538462775989e-01,4.563580633523069322e+06,6.092210234583343009e+01,8.269741599545170352e-02
2.240551226846393407e-01,4.451766800760229118e+06,6.207827798246130158e+01,8.526392904100842107e-02
2.289939078907816949e-01,4.339916474938483909e+06,6.321595856917635103e+01,8.787831142162103037e-02
2.340415573755897094e-01,4.228157256731489673e+06,6.433311634873724927e+01,9.053974890595375968e-02
2.392004708042998196e-01,4.116617448374058120e+06,6.542776271095262075e+01,9.324734339714940701e-02
2.444731007373067144e-01,4.005425494182360824e+06,6.649795943706587309e+01,9.600011486164165830e-02
2.498619537961166703e-01,3.894709412736687344e+06,6.754182988659312059e+01,9.879700357526102761e-02
2.553695918550017430e-01,3.784596225780043751e+06,6.855757002202895478e+01,1.016368730412761656e-01
2.609986332589211977e-01,3.675211389011182822e+06,6.954345916642620296e+01,1.045185131192971212e-01
2.667517540682893262e-01,3.566678229998844210e+06,7.049787039006729117e+01,1.074406438365470562e-01
2.726316893311812595e-01,3.459117398412417155e+06,7.141928042528891751e+01,1.104019194180921870e-01
2.786412343835816818e-01,3.352646333652618807e+06,7.230627901297900451e+01,1.134009328695522595e-01
2.847832461782943692e-01,3.247378754775229376e+06,7.315757759027034979e+01,1.164362208554311773e-01
2.910606446431453498e-01,3.143424177334441803e+06,7.397201723641003923e+01,1.195062689215404678e-01
2.974764140691231740e-01,3.040887461435182951e+06,7.474857580255755352e+01,1.226095171349214918e-01
3.040336045291187617e-01,2.939868394881777931e+06,7.548637416118786803e+01,1.257443657855450425e-01
3.107353333279376795e-01,2.840461314852180425e+06,7.618468152165976903e+01,1.289091816719422634e-01
3.175847864842744617e-01,2.742754771021353081e+06,7.684291977013894837e+01,1.321023041278716892e-01
3.245852202453541890e-01,2.646831232514636125e+06,7.746066680421057526e+01,1.353220517555174529e-01
3.317399626349604169e-01,2.552766840503092390e+06,7.803765884493853378e+01,1.385667287087224142e-01
3.390524150355860300e-01,2.460631207668742631e+06,7.857379172158586300e+01,1.418346315605003294e-01
3.465260538054590889e-01,2.370487265179919079e+06,7.906912113646475859e+01,1.451240558095850397e-01
3.541644319312122202e-01,2.282391157236617059e+06,7.952386192921079555e+01,1.484333026284805623e-01
3.619711807169814222e-01,2.196392182683160994e+06,7.993838637095691979e+01,1.517606854659777904e-01
3.699500115107371423e-01,2.112532782650541980e+06,8.031322152923354452e+01,1.551045364817167926e-01
3.781047174686682499e-01,2.030848572692175629e+06,8.064904575377480000e+01,1.584632131154326551e-01
3.864391753584583977e-01,1.951368417421942344e+06,8.094668434162809945e+01,1.618351040293401211e-01
3.949573474023107544e-01,1.874114545258603757e+06,8.120710444694576324e+01,1.652186355143064056e-01
4.036632831605985183e-01,1.799102700530567905e+06,8.143140930650309883e+01,1.686122768580950171e-01
4.125611214570361063e-01,1.726342329903006321e+06,8.162083185630147852e+01,1.720145463284860898e-01
4.216550923462863976e-01,1.655836799857201055e+06,8.177672781756351128e+01,1.754240160578985075e-01
4.309495191249390622e-01,1.587583641780280042e+06,8.190056833203584574e+01,1.788393173098721811e-01
4.404488203868169860e-01,1.521574821111130994e+06,8.199393222682195415e+01,1.822591449482383330e-01
4.501575121235866228e-01,1.457797026933505200e+06,8.205849798805644468e+01,1.856822618385090828e-01
4.600802098716717525e-01,1.396231978406581096e+06,8.209603552068068666e+01,1.891075028790948631e-01
4.702216309064913280e-01,1.336856744473015424e+06,8.210839776851034344e+01,1.925337784758136828e-01
4.805865964850637440e-01,1.279644073379663518e+06,8.209751226480949526e+01,1.959600781231792821e-01
4.911800341380447299e-01,1.224562728681685636e+06,8.206537267883793163e+01,1.993854729188089259e-01
5.020069800122877179e-01,1.171577828570989892e+06,8.201403041845379960e+01,2.028091186763816001e-01
5.130725812650408502e-01,1.120651185569100082e+06,8.194558634296852517e+01,2.062302576012060018e-01
5.243820985109179933e-01,1.071741643846749794e+06,8.186218263419596042e+01,2.096482206930010694e-01
5.359409083228087178e-01,1.024805411672131158e+06,8.176599486715213061e+01,2.130624288936809052e-01
5.477545057879142920e-01,9.797963867412067484e+05,8.165922431525659420e+01,2.164723946078914441e-01
5.598285071201258845e-01,9.366664724017231492e+05,8.154409051828545785e+01,2.198777224618581050e-01
5.721686523299867044e-01,8.953658830427831272e+05,8.142282413482583081e+01,2.232781099405729830e-01
5.847808079535076198e-01,8.558434371797618223e+05,8.129766009467783761e+01,2.266733478162911153e-01
5.976709698411329930e-01,8.180468370162530337e+05,8.117083106062011666e+01,2.300633199467679579e-01
6.108452660081828967e-01,7.819229335073493421e+05,8.104456120326895530e+01,2.334480034256037062e-01
6.243099595481271802e-01,7.474179761792009231e+05,8.092106028747164714e+01,2.368274675964716081e-01
6.380714516100759459e-01,7.144778471763558919e+05,8.080251806382952395e+01,2.402018739363964983e-01
6.521362844419015259e-01,6.830482792091330048e+05,8.069109895457688708e+01,2.435714745100783507e-01
6.665111445004396895e-01,6.530750572570939548e+05,8.058893701917283181e+01,2.469366113031371268e-01
6.812028656302483443e-01,6.245042040508110076e+05,8.049813118160844283e+01,2.502977144929791065e-01
6.962184323124337437e-01,5.972821495022455929e+05,8.042074069860218799e+01,2.536553011153354631e-01
7.115649829850910768e-01,5.713558843841433991e+05,8.035878084554836676e+01,2.570099732220147426e-01
7.272498134369351774e-01,5.466730986712612212e+05,8.031421879529568741e+01,2.603624159250523262e-01
7.432803802757372846e-01,5.231823050515071955e+05,8.028896966355647180e+01,2.637133954678995695e-01
7.596643044732148686e-01,5.008329481939874822e+05,8.028489269396837358e+01,2.670637566863064416e-01
7.764093749880607298e-01,4.795755004244304146e+05,8.030378755553662984e+01,2.704144210002933923e-01
7.935235524688335484e-01,4.593615445075695170e+05,8.034739072535950299e+01,2.737663833629939703e-01
8.110149730384701439e-01,4.401438442719361628e+05,8.041737193016521701e+01,2.771207100785550437e-01
8.288919521622192255e-01,4.218764038363404688e+05,8.051533062124899232e+01,2.804785354498203209e-01
8.471629886008333887e-01,4.045145162102983450e+05,8.064279245887514946e+01,2.838410591624362378e-01
8.658367684509022943e-01,3.880148020440098480e+05,8.080120578408451593e+01,2.872095428648340221e-01
8.849221692742443857e-01,3.723352392983841128e+05,8.099193805810605795e+01,2.905853070152253359e-01
9.044282643183219061e-01,3.574351845931682037e+05,8.121627225219252466e+01,2.939697273991517812e-01
9.243643268296860560e-01,3.432753869725544937e+05,8.147540317367069918e+01,2.973642314477337734e-01
9.447398344625010935e-01,3.298179948037453578e+05,8.177043371729705257e+01,3.007702946676411582e-01
9.655644737842452585e-01,3.170265564957428724e+05,8.210237103461835773e+01,3.041894364354270630e-01
9.868481448807293610e-01,3.048660156940346933e+05,8.247212261794179256e+01,3.076232162981738516e-01
1.008600966062622062e+00,2.933027015725908568e+05,8.288049229968731879e+01,3.110732293074277566e-01
1.030833278675720166e+00,2.823043148084218847e+05,8.332817617231243901e+01,3.145411020272891878e-01
1.053555652017250877e+00,2.718399097864894429e+05,8.381575843862960085e+01,3.180284875884958895e-01
1.076778888360542030e+00,2.618798735445711936e+05,8.434370720715020298e+01,3.215370612039600839e-01
1.100514028090449292e+00,2.523959019292501034e+05,8.491237025205053612e+01,3.250685150635571063e-01
1.124772354951983910e+00,2.433609733959494333e+05,8.552197076241657214e+01,3.286245532998516294e-01
1.149565401414632815e+00,2.347493208482330956e+05,8.617260311054016597e+01,3.322068867164865713e-01
1.174904954154923242e+00,2.265364018747394439e+05,8.686422867415231508e+01,3.358172272213471587e-01
1.200803059659839356e+00,2.186988677063866053e+05,8.759667175252447180e+01,3.394572823788768456e-01
1.227272029953750954e+00,2.112145311820861825e+05,8.836961562127899583e+01,3.431287493384102549e-01
1.254324448451582752e+00,2.040623339783028350e+05,8.918259877544268477e+01,3.468333092013920482e-01
1.281973175940998910e+00,1.972223133265595534e+05,9.003501141467091884e+01,3.505726205563337583e-01
1.310231356696456517e+00,1.906755684135091142e+05,9.092609222857460338e+01,3.543483135391741756e-01
1.339112424728023942e+00,1.844042266305699304e+05,9.185492554359167627e+01,3.581619831941462717e-01
1.368630110167945224e+00,1.783914098144255986e+05,9.282043889577367679e+01,3.620151831599137116e-01
1.398798445797978296e+00,1.726212005959604867e+05,9.382140109608461387e+01,3.659094189826770926e-01
1.429631773720614563e+00,1.670786089534806088e+05,9.485642085624338904e+01,3.698461414875952591e-01
1.461144752177350625e+00,1.617495390463738004e+05,9.592394604367231636e+01,3.738267401276438862e-01
1.493352362517253562e+00,1.566207563876952045e+05,9.702226363364304973e+01,3.778525361481719913e-01
1.526269916319131337e+00,1.516798553985320323e+05,9.814950042515454243e+01,3.819247760753857746e-01
1.559913062670695849e+00,1.469152273733730253e+05,9.930362458434288442e+01,3.860446248007858294e-01
1.594297795608178303e+00,1.423160288740734104e+05,1.004824480752548084e+02,3.902131593223778783e-01
1.629440461719935396e+00,1.378721505603172991e+05,1.016836300325575735e+02,3.944313619766339762e-01
1.665357767917656551e+00,1.335741864566943550e+05,1.029046811241847479e+02,3.987001144172585554e-01
1.702066789378873235e+00,1.294134036505594704e+05,1.041429689440252417e+02,4.030201913262586033e-01
1.739584977664540455e+00,1.253817124106653500e+05,1.053957244655728687e+02,4.073922547069224187e-01
1.777930169015553119e+00,1.214716367140541552e+05,1.066600495770222778e+02,4.118168482744771763e-01
1.817120592832139003e+00,1.176762851677708240e+05,1.079329257067102361e+02,4.162943922343943504e-01
1.857174880340162426e+00,1.139893223124894721e+05,1.092112235351717686e+02,4.208251785400396461e-01
1.898112073448454451e+00,1.104049402970059164e+05,1.104917137765686874e+02,4.254093663293667116e-01
1.939951633801385800e+00,1.069178309155854949e+05,1.117710789980313564e+02,4.300469782363373072e-01
1.982713452030979928e+00,1.035231580042110436e+05,1.130459264307535250e+02,4.347378966665150779e-01
2.026417857212970297e+00,1.002165301966749685e+05,1.143128017117348207e+02,4.394818612920160517e-01
2.071085626531293578e+00,9.699397404701721098e+04,1.155682034801477442e+02,4.442784664353313095e-01
2.116737995155615337e+00,9.385190753083342861e+04,1.168085987376984605e+02,4.491271597145354288e-01
2.163396666336582896e+00,9.078711394426469633e+04,1.180304388683544943e+02,4.540272408462070475e-01
2.211083821723605514e+00,8.779671622583169665e+04,1.192301761997299536e+02,4.589778614619185459e-01
2.259822131910065313e+00,8.487815173248940846e+04,1.204042809765547588e+02,4.639780254667583703e-01
2.309634767210974715e+00,8.202914750715975242e+04,1.215492586062914029e+02,4.690265900829365120e-01
2.360545408678203394e+00,7.924769608036254067e+04,1.226616670283807338e+02,4.741222678468713925e-01
2.412578259358507893e+00,7.653203185324123478e+04,1.237381340520287978e+02,4.792636288840410042e-01
2.465758055799722293e+00,7.388060811311219004e+04,1.247753745031044019e+02,4.844491045707950416e-01
2.520110079810574888e+00,7.129207473552740703e+04,1.257702070187541068e+02,4.896769910509845558e-01
2.575660170479722400e+00,6.876525662862660829e+04,1.267195703288783193e+02,4.949454544065561845e-01
2.632434736459718927e+00,6.629913297618117940e+04,1.276205388666948579e+02,5.002525355360978310e-01
2.690460768521755863e+00,6.389281733516637905e+04,1.284703375562554584e+02,5.055961564979510880e-01
2.749765852387140441e+00,6.154553864191162575e+04,1.292663556329010532e+02,5.109741268321867924e-01
2.810378181841619138e+00,5.925662317789700319e+04,1.300061593631328662e+02,5.163841508091120414e-01
2.872326572138772516e+00,5.702547754213582084e+04,1.306875035430560104e+02,5.218238350768588107e-01
2.935640473698859942e+00,5.485157267188114201e+04,1.313083416691894456e+02,5.272906965823165315e-01
3.000349986109622780e+00,5.273442894723085192e+04,1.318668346917541498e+02,5.327821713727307618e-01
3.066485872435704252e+00,5.067360240820534091e+04,1.323613582782361959e+02,5.382956229188141650e-01
3.134079573843488564e+00,4.866867210518510547e+04,1.327905085337195317e+02,5.438283518417990070e-01
3.203163224548308374e+00,4.671922859538737976e+04,1.331531061438371637e+02,5.493776044867841879e-01
3.273769667091132263e+00,4.482486358950228896e+04,1.334481989258063379e+02,5.549405830516214166e-01
3.345932467951992617e+00,4.298516074388352718e+04,1.336750627925339643e+02,5.605144544899302028e-01
3.419685933507571995e+00,4.119968758497066301e+04,1.338332011538145139e+02,5.660963604719283504e-01
3.495065126340542339e+00,3.946798854408574698e+04,1.339223427968618410e+02,5.716834265665113879e-01
3.572105881908404612e+00,3.778957907256060571e+04,1.339424383054928853e+02,5.772727716619338034e-01
3.650844825579754982e+00,3.616394079945961857e+04,1.338936550929278440e+02,5.828615172348241558e-01
3.731319390046076823e+00,3.459051768710262695e+04,1.337763711371581223e+02,5.884467959526205050e-01
3.813567833117336381e+00,3.306871313327215466e+04,1.335911675199537001e+02,5.940257608455843386e-01
3.897629255909841994e+00,3.159788796350194025e+04,1.333388198807018910e+02,5.995955928448327699e-01
3.983543621435013282e+00,3.017735925225438768e+04,1.330202889042902257e+02,6.051535096532748570e-01
4.071351773597895018e+00,2.880639990814721750e+04,1.326367099681267234e+02,6.106967722665479492e-01
4.161095456614454235e+00,2.748423895570427339e+04,1.321893820771409764e+02,6.162226929082142979e-01
4.252817334856886511e+00,2.621006244437994974e+04,1.316797562172761502e+02,6.217286409320902374e-01
4.346561013136360785e+00,2.498301491481674020e+04,1.311094232576627974e+02,6.272120493810424691e-01
4.442371057432859871e+00,2.380220135240170566e+04,1.304801015294897297e+02,6.326704203302225826e-01
4.540293016081960786e+00,2.266668955913088575e+04,1.297936242057123479e+02,6.381013299402789052e-01
4.640373441428621071e+00,2.157551287650137965e+04,1.290519266003549319e+02,6.435024332335753661e-01
4.742659911958289065e+00,2.052767319454637618e+04,1.282570334994636312e+02,6.488714675915637775e-01
4.847201054915829310e+00,1.952214418512265183e+04,1.274110466279743576e+02,6.542062569765113578e-01
4.954046569423036672e+00,1.855787470105671673e+04,1.265161323480851365e+02,6.595047139020686622e-01
5.063247250105728625e+00,1.763379228666206836e+04,1.255745096753861390e+02,6.647648430180069790e-01
5.174855011241634273e+00,1.674880674936042124e+04,1.245884386892192737e+02,6.699847419479303401e-01
5.288922911440569585e+00,1.590181374658095956e+04,1.235602094037041923e+02,6.751626036894695648e-01
5.405505178868641458e+00,1.509169834668851217e+04,1.224921311557830563e+02,6.802967169758916688e-01
5.524657237028446133e+00,1.431733852732038213e+04,1.213865225566585053e+02,6.853854672751711341e-01
5.646435731107545486e+00,1.357760857911899438e+04,1.202457020432926242e+02,6.904273368361683039e-01
5.770898554907732070e+00,1.287138238736784479e+04,1.190719790573256489e+02,6.954209043714821847e-01
5.898104878367885995e+00,1.219753656841299926e+04,1.178676458699746092e+02,7.003648448996204756e-01
6.028115175693510963e+00,1.155495344193376877e+04,1.166349700632741104e+02,7.052579282110904568e-01
6.160991254106327197e+00,1.094252382407427831e+04,1.153761876704932234e+02,7.100990185958498957e-01
6.296796283227577007e+00,1.035914963013145461e+04,1.140934969717504117e+02,7.148870723167256580e-01
6.435594825109022921e+00,9.803746278891547263e+03,1.127890529347847064e+02,7.196211370553370346e-01
6.577452864925905196e+00,9.275244893802391744e+03,1.114649622855383768e+02,7.243003489535312367e-01
6.722437842346471015e+00,8.772594298953014004e+03,1.101232791886573352e+02,7.289239313292833478e-01
6.870618683592947029e+00,8.294762810305586754e+03,1.087660015142099041e+02,7.334911918501390016e-01
7.022065834209247015e+00,7.840739824789435261e+03,1.073950676638264667e+02,7.380015204021485031e-01
7.176851292550957773e+00,7.409537211732680589e+03,1.060123539270435344e+02,7.424543865303485646e-01
7.335048644013541619e+00,7.000190512685229805e+03,1.046196723368394572e+02,7.468493365579611520e-01
7.496733096015014475e+00,6.611759956993477317e+03,1.032187689921363756e+02,7.511859913714673542e-01
7.661981513749740458e+00,6.243331301539331434e+03,1.018113228143476050e+02,7.554640428808592212e-01
7.830872456730343600e+00,5.894016503874136106e+03,1.003989447048268886e+02,7.596832521756892165e-01
8.003486216135090814e+00,5.562954238581688514e+03,9.898317707025731238e+01,7.638434455940364964e-01
8.179904852978523877e+00,5.249310267114944509e+03,9.756549368355304352e+01,7.679445129046108542e-01
8.360212237123469947e+00,4.952277671589695274e+03,9.614729984868097290e+01,7.719864035543441139e-01
8.544494087152985529e+00,4.671076963105641880e+03,9.472993283888588678e+01,7.759691244783766262e-01
8.732838011121188515e+00,4.404956075121242066e+03,9.331466257907516137e+01,7.798927368704592356e-01
8.925333548202338818e+00,4.153190252252747996e+03,9.190269254454351255e+01,7.837573535438357997e-01
9.122072211257998831e+00,3.915081844617534443e+03,9.049516084974783325e+01,7.875631362732231633e-01
9.323147530342465572e+00,3.689960017514392348e+03,8.909314150244824759e+01,7.913102927585515811e-01
9.528655097167201049e+00,3.477180385843779277e+03,8.769764580017256606e+01,7.949990745492209188e-01
9.738692610545371053e+00,3.276124582233430374e+03,8.630962384761757278e+01,7.986297736563469085e-01
9.953359922838100005e+00,3.086199767361382328e+03,8.492996617524268288e+01,8.022027210142691489e-01
1.017275908742454327e+01,2.906838090470555926e+03,8.355950544092067389e+01,8.057182830128692963e-01
1.039699440721831358e+01,2.737496107556426523e+03,8.219901819807417098e+01,8.091768600184485738e-01
1.062617248425334715e+01,2.577654164189971652e+03,8.084922671522745929e+01,8.125788833651858001e-01
1.086040227036278694e+01,2.426815749419572967e+03,7.951080083333432924e+01,8.159248136118131267e-01
1.109979511897494575e+01,2.284506826683611507e+03,7.818435984859834775e+01,8.192151381366865603e-01
1.134446483805101380e+01,2.150275147165175895e+03,7.687047440977620738e+01,8.224503691029533270e-01
1.159452774418964438e+01,2.023689550535552371e+03,7.556966842014418262e+01,8.256310416489058834e-01
1.185010271792416248e+01,1.904339257567183495e+03,7.428242093541619795e+01,8.287577115862874155e-01
1.211131126023866145e+01,1.791833158651903432e+03,7.300916804992543518e+01,8.318309541604547164e-01
1.237827755032988364e+01,1.685799101838204706e+03,7.175030476432500848e+01,8.348513615153277945e-01
1.265112850464231720e+01,1.585883183603250700e+03,7.050618682892825007e+01,8.378195419279406142e-01
1.292999383720459150e+01,1.491749045201971285e+03,6.927713255760097866e+01,8.407361173162931633e-01
1.321500612129585761e+01,1.403077177086996926e+03,6.806342460783756110e+01,8.436017224447275309e-01
1.350630085247145118e+01,1.319564233569535645e+03,6.686531172330825257e+01,8.464170029476040247e-01
1.380401651297782273e+01,1.240922359591842906e+03,6.568301043575614528e+01,8.491826142749681061e-01
1.410829463758735081e+01,1.166878531206423759e+03,6.451670672365933967e+01,8.518992202514680256e-01
1.441927988088431434e+01,1.097173911104440549e+03,6.336655762555380278e+01,8.545674917790385683e-01
1.473712008603406254e+01,1.031563220305199366e+03,6.223269280634736589e+01,8.571881059000370229e-01
1.506196635506800874e+01,9.698141269090209562e+02,6.111521607534302802e+01,8.597617442727735204e-01
1.539397312071793067e+01,9.117066526260431374e+02,6.001420685503691033e+01,8.622890926957740287e-01
1.573329821983367083e+01,8.570325976225743716e+02,5.892972160006760163e+01,8.647708394300647194e-01
1.608010296841917253e+01,8.055949840731955192e+02,5.786179516596767769e+01,8.672076750067989614e-01
1.643455223832251733e+01,7.572075186698492644e+02,5.681044212761553069e+01,8.696002906726294501e-01
1.679681453561640225e+01,7.116940742174241450e+02,5.577565804750036449e+01,8.719493781052293224e-01
1.716706208070636919e+01,6.688881903377624667e+02,5.475742069410613055e+01,8.742556282820043156e-01
1.754547089020480044e+01,6.286325932094800919e+02,5.375569121088731350e+01,8.765197309594653374e-01
1.793222086060967513e+01,5.907787341884229591e+02,5.277041523645702625e+01,8.787423739661548439e-01
1.832749585382779856e+01,5.551863470820393331e+02,5.180152397673562348e+01,8.809242424599279531e-01
1.873148378458322227e+01,5.217230237893954836e+02,5.084893522991824000e+01,8.830660186150948165e-01
1.914437670975237538e+01,4.902638079661879260e+02,4.991255436521505118e+01,8.851683806712319358e-01
1.956637091966839748e+01,4.606908063299837295e+02,4.899227525639812342e+01,8.872320029676904474e-01
1.999766703143802360e+01,4.328928171843197106e+02,4.808798117125669336e+01,8.892575548863906887e-01
2.043847008431550094e+01,4.067649757104093737e+02,4.719954561811766780e+01,8.912457010120556911e-01
2.088898963717873514e+01,3.822084155514348822e+02,4.632683315063455609e+01,8.931971002365587387e-01
2.134943986815411421e+01,3.591299461960081771e+02,4.546970013208220962e+01,8.951124057787409605e-01
2.182003967643733588e+01,3.374417456538571400e+02,4.462799546042217003e+01,8.969922646210556350e-01
2.230101278635862982e+01,3.170610679075597318e+02,4.380156125542249157e+01,8.988373173136731120e-01
2.279258785374185692e+01,2.979099646186805330e+02,4.299023350912678154e+01,9.006481977349223289e-01
2.329499857460808343e+01,2.799150205645688629e+02,4.219384270097336298e+01,9.024255326928840582e-01
2.380848379627522604e+01,2.630071022828777814e+02,4.141221437886463264e+01,9.041699419845916630e-01
2.433328763090669966e+01,2.471211194042033128e+02,4.064516970748116620e+01,9.058820378079375235e-01
2.486965957156292362e+01,2.321957981587887332e+02,3.989252598512494075e+01,9.075624250746755495e-01
2.541785461081096997e+01,2.181734665506488398e+02,3.915409713036221717e+01,9.092117007510268634e-01
2.597813336194865386e+01,2.049998507014818756e+02,3.842969413971844261e+01,9.108304541845113622e-01
2.655076218290076184e+01,1.926238818770859780e+02,3.771912551765680632e+01,9.124192666247247230e-01
2.713601330284627267e+01,1.809975137204619102e+02,3.702219768004883349e+01,9.139787113837983812e-01
2.773416495163679230e+01,1.700755492281453769e+02,3.633871533231916828e+01,9.155093536149807587e-01
2.834550149206772218e+01,1.598154770193984859e+02,3.566848182341870910e+01,9.170117502813933674e-01
2.897031355506505435e+01,1.501773164615367477e+02,3.501129947675142517e+01,9.184864501791970559e-01
2.960889817785203348e+01,1.411234712287165678e+02,3.436696989914838696e+01,9.199339937269989109e-01
3.026155894516139711e+01,1.326185908858522282e+02,3.373529426895176897e+01,9.213549132139673414e-01
3.092860613356033639e+01,1.246294401038342983e+02,3.311607360423738555e+01,9.227497324217850405e-01
3.161035685895673097e+01,1.171247751268057442e+02,3.250910901217241644e+01,9.241189670566687386e-01
3.230713522735686638e+01,1.100752271268160456e+02,3.191420192047020521e+01,9.254631243281590258e-01
3.301927248894624256e+01,1.034531920956491007e+02,3.133115429187047241e+01,9.267827033231381684e-01
3.374710719556672700e+01,9.723272693794741883e+01,3.075976882253910460e+01,9.280781947723936165e-01
3.449098536166496132e+01,9.138945144386798347e+01,3.019984912524815002e+01,9.293500812506890751e-01
3.525126062878850774e+01,8.590045583336753054e+01,2.965119989816225043e+01,9.305988371443796314e-01
3.602829443370791296e+01,8.074421357778626884e+01,2.911362708002527810e+01,9.318249286861767233e-01
3.682245618024465728e+01,7.590049921764000374e+01,2.858693799250755774e+01,9.330288141083750153e-01
3.763412341488666613e+01,7.135031090842743140e+01,2.807094147044176324e+01,9.342109435234272619e-01
3.846368200627485123e+01,6.707579743878152101e+01,2.756544798064428292e+01,9.353717592436977535e-01
3.931152632864605323e+01,6.306018947743188363e+01,2.707026972998760783e+01,9.365116955387020603e-01
4.017805944931949824e+01,5.928773481718351235e+01,2.658522076335890816e+01,9.376311790523172984e-01
4.106369332031606234e+01,5.574363739545098895e+01,2.611011705211097933e+01,9.387306285599159583e-01
4.196884897420125782e+01,5.241399988181292002e+01,2.564477657358285256e+01,9.398104553057807786e-01
4.289395672424520711e+01,4.928576963356173479e+01,2.518901938223958936e+01,9.408710629120426994e-01
4.383945636899461817e+01,4.634668783032733330e+01,2.474266767295415903e+01,9.419128475667974953e-01
4.480579740135414113e+01,4.358524160854701535e+01,2.430554583692824266e+01,9.429361980877996041e-01
4.579343922227640462e+01,4.099061902584492145e+01,2.387748051072358990e+01,9.439414959713813280e-01
4.680285135916241046e+01,3.855266669427955861e+01,2.345830061885189011e+01,9.449291155986805357e-01
4.783451368907600454e+01,3.626184992992339318e+01,2.304783741034730937e+01,9.458994241549568693e-01
4.888891666687865012e+01,3.410921527436354950e+01,2.264592448972408079e+01,9.468527819599702466e-01
4.996656155839293234e+01,3.208635525146755185e+01,2.225239784269981058e+01,9.477895423015292309e-01
5.106796067870552491e+01,3.018537523015143975e+01,2.186709585704468495e+01,9.487100518019506712e-01
5.219363763572312109e+01,2.839886227093147397e+01,2.148985933889725075e+01,9.496146502836881886e-01
5.334412757909694136e+01,2.671985584074609932e+01,2.112053152486848973e+01,9.505036710487166918e-01
5.451997745463417999e+01,2.514182028691228155e+01,2.075895809023803196e+01,9.513774408653409287e-01
5.572174626431745992e+01,2.365861896714282864e+01,2.040498715352921622e+01,9.522362801236881058e-01
5.695000533205577398e+01,2.226448993830938150e+01,2.005846927773333022e+01,9.530805029428838226e-01
5.820533857529328259e+01,2.095402311210215274e+01,1.971925746843779947e+01,9.539104172111183555e-01
5.948834278260513031e+01,1.972213879092272393e+01,1.938720716909828568e+01,9.547263248038606598e-01
6.079962789741227169e+01,1.856406750226318181e+01,1.906217625368047663e+01,9.555285215165455481e-01
6.213981730795006087e+01,1.747533105448411561e+01,1.874402501688414802e+01,9.563172973764805240e-01
6.350954814362861356e+01,1.645172474131653573e+01,1.843261616214898879e+01,9.570929365187801352e-01
6.490947157792571431e+01,1.548930062659097651e+01,1.812781478763005083e+01,9.578557174943493902e-01
6.634025313795631007e+01,1.458435184464951639e+01,1.782948837031879208e+01,9.586059131992609172e-01
6.780257302086582172e+01,1.373339785563574011e+01,1.753750674847521651e+01,9.593437910951608805e-01
6.929712641719750366e+01,1.293317059839223226e+01,1.725174210252597007e+01,9.600696132368921054e-01
7.082462384138781886e+01,1.218060148703597889e+01,1.697206893457374832e+01,9.607836363910233768e-01
7.238579146954677412e+01,1.147280920043794872e+01,1.669836404665422336e+01,9.614861121583865300e-01
7.398137148468387636e+01,1.080708821681328580e+01,1.643050651786769834e+01,9.621772869976987774e-01
7.561212242954377416e+01,1.018089804844223245e+01,1.616837768050476853e+01,9.628574024358499406e-01
7.727881956721942913e+01,9.591853134196890451e+00,1.591186109527738246e+01,9.635266950031929900e-01
7.898225524971405775e+01,9.037713350054273675e+00,1.566084252575941882e+01,9.641853965154336681e-01
8.072323929462734782e+01,8.516375100138313670e+00,1.541520991213386438e+01,9.648337339739979646e-01
8.250259937014472200e+01,8.025862953061634997e+00,1.517485334433732191e+01,9.654719298185741039e-01
8.432118138851289757e+01,7.564321790437693593e+00,1.493966503468643836e+01,9.661002018941428071e-01
8.617984990818867175e+01,7.130009436412850121e+00,1.470953929006489425e+01,9.667187636191536537e-01
8.807948854485221091e+01,6.721289738932699542e+00,1.448437248374436770e+01,9.673278240333037514e-01
9.002100039148012911e+01,6.336626075213265707e+00,1.426406302690761940e+01,9.679275878822309886e-01
9.200530844767820327e+01,5.974575255541861196e+00,1.404851133993721035e+01,9.685182557411594617e-01
9.403335605847763645e+01,5.633781801089680741e+00,1.383761982352864095e+01,9.691000240217392259e-01
9.610610736280371214e+01,5.312972572884506306e+00,1.363129282968260547e+01,9.696730851647834548e-01
9.822454775182983155e+01,5.010951730471667531e+00,1.342943663262709997e+01,9.702376275807023109e-01
1.003896843374349714e+02,4.726596000089969607e+00,1.323195939971625101e+01,9.707938358866065043e-01
1.026025464309871609e+02,4.458850233411036257e+00,1.303877116234936473e+01,9.713418908339870317e-01
1.048641860326807347e+02,4.206723239039772189e+00,1.284978378695040391e+01,9.718819695070070042e-01
1.071756783316598387e+02,3.969283870054631791e+00,1.266491094604493917e+01,9.724142453131821018e-01
1.095381222171660625e+02,3.745657351882965447e+00,1.248406808946889868e+01,9.729388881084155560e-01
1.119526408009531195e+02,3.535021835762517828e+00,1.230717241574062193e+01,9.734560642536793651e-01
1.144203819512170384e+02,3.336605163938872742e+00,1.213414284362531070e+01,9.739659366715709421e-01
1.169425188382955412e+02,3.149681833593377167e+00,1.196489998391862564e+01,9.744686649644240806e-01
1.195202504923961726e+02,2.973570147290073962e+00,1.179936611147390302e+01,9.749644054068832277e-01
1.221548023736183239e+02,2.807629538476439812e+00,1.163746513749556222e+01,9.754533111184443550e-01
1.248474269545399267e+02,2.651258061273946698e+00,1.147912258211933079e+01,9.759355320098517250e-01
1.275994043156462254e+02,2.503890034453277735e+00,1.132426554729805446e+01,9.764112149746350111e-01
1.304120427538830711e+02,2.364993830108196970e+00,1.117282269001047013e+01,9.768805038417744946e-01
1.332866794046247207e+02,2.234069798123425432e+00,1.102472419580848495e+01,9.773435395267460191e-01
1.362246808773512612e+02,2.110648318078262697e+00,1.087990175271735538e+01,9.778004600372126598e-01
1.392274439053382480e+02,1.994287970740697524e+00,1.073828852550179924e+01,9.782514005638344168e-01
1.422963960096671769e+02,1.884573821788583903e+00,1.059981913030969736e+01,9.786964935399317111e-01
1.454329961778725533e+02,1.781115810847048841e+00,1.046442960970421154e+01,9.791358686758588892e-01
1.486387355575483298e+02,1.683547239356143699e+00,1.033205740809390605e+01,9.795696530690966020e-01
1.519151381652430928e+02,1.591523351181802992e+00,1.020264134756962093e+01,9.799979711857522702e-01
1.552637616109814758e+02,1.504720000257741663e+00,1.007612160415592761e+01,9.804209450140600746e-01
1.586861978387557883e+02,1.422832399897676847e+00,9.952439684484318150e+00,9.808386940147714173e-01
1.621840738833402042e+02,1.345573948747374571e+00,9.831538402894382855e+00,9.812513352760426910e-01
1.657590526437872427e+02,1.272675128656029386e+00,9.713361858968776019e+00,9.816589834831958017e-01
1.694128336739740348e+02,1.203882470037393793e+00,9.597855415507053678e+00,9.820617510329899824e-01
1.731471539905745658e+02,1.138957580564166072e+00,9.484965676942941570e+00,9.824597480486050305e-01
1.769637888988418410e+02,1.077676233295480568e+00,9.374640468209214816e+00,9.828530824440588898e-01
1.808645528365923099e+02,1.019827510577904661e+00,9.266828814053837959e+00,9.832418599839305440e-01
1.848513002367942590e+02,9.652130002861232239e-01,9.161480918810708474e+00,9.836261843009276307e-01
1.889259264091698469e+02,9.136460411813789317e-01,9.058548146628000453e+00,9.840061569975920852e-01
1.930903684412301686e+02,8.649510143645807725e-01,8.957983002156851171e+00,9.843818776198364207e-01
1.973466061191714687e+02,8.189626779875865958e-01,8.859739111702857883e+00,9.847534437937425222e-01
2.016966628690704795e+02,7.755255425612577191e-01,8.763771204842704776e+00,9.851209511791931828e-01
2.061426067188262437e+02,7.344932843631906128e-01,8.670035096508073025e+00,9.854844935958518848e-01
2.106865512813058103e+02,6.957281946021881547e-01,8.578487669538816363e+00,9.858441630050983617e-01
2.153306567591610587e+02,6.591006621411994448e-01,8.489086857707430767e+00,9.862000495961622537e-01
2.200771309717945030e+02,6.244886877161675010e-01,8.401791629216663893e+00,9.865522418071490662e-01
2.249282304049620791e+02,5.917774277155802842e-01,8.316561970672166737e+00,9.869008263695466798e-01
2.298862612835123116e+02,5.608587657049938224e-01,8.233358871532152179e+00,9.872458883669004148e-01
2.349535806677712628e+02,5.316309099928915316e-01,8.152144309035968206e+00,9.875875112400642752e-01
2.401325975740948877e+02,5.039980156394185951e-01,8.072881233613662388e+00,9.879257768810544293e-01
2.454257741201215879e+02,4.778698294081926146e-01,7.995533554778719854e+00,9.882607656028539189e-01
2.508356266952691271e+02,4.531613562539631435e-01,7.920066127506247611e+00,9.885925562592541294e-01
2.563647271570322914e+02,4.297925460257414620e-01,7.846444739099102783e+00,9.889212262046720436e-01
2.620157040536505519e+02,4.076879991464817943e-01,7.774636096544646158e+00,9.892468513962762167e-01
2.677912438737265006e+02,3.867766901068440677e-01,7.704607814364976548e+00,9.895695063854109685e-01
2.736940923233892704e+02,3.669917076822616919e-01,7.636328402963835416e+00,9.898892643826125992e-01
2.797270556316099146e+02,3.482700108498184566e-01,7.569767257473634103e+00,9.902061972830216163e-01
2.858930018842901291e+02,3.305521994445294598e-01,7.504894647106262084e+00,9.905203756962991379e-01
2.921948623877570412e+02,3.137822986538446046e-01,7.441681705011853332e+00,9.908318690042237087e-01
2.986356330623138433e+02,2.979075565047114016e-01,7.380100418649861993e+00,9.911407453574055948e-01
3.052183758665078130e+02,2.828782535496521255e-01,7.320123620677322585e+00,9.914470717622236862e-01
3.119462202527930685e+02,2.686475240071828363e-01,7.261724980359554493e+00,9.917509140519411570e-01
3.188223646552800687e+02,2.551711876577542060e-01,7.204878995508916972e+00,9.920523369871585562e-01
3.258500780102792191e+02,2.424075918394190121e-01,7.149560984957924248e+00,9.923514042275507485e-01
3.330327013103615741e+02,2.303174629277792429e-01,7.095747081573271942e+00,9.926481784129977948e-01
3.403736491926748045e+02,2.188637667226315808e-01,7.043414225818060537e+00,9.929427211634535011e-01
3.478764115622705049e+02,2.080115771992462892e-01,6.992540159869995442e+00,9.932350931285911511e-01
3.555445552512138079e+02,1.977279531155337888e-01,6.943103422303920524e+00,9.935253540170760900e-01
3.633817257142640642e+02,1.879818219976191473e-01,6.895083343347761407e+00,9.938135626163306924e-01
3.713916487619334248e+02,1.787438710556655819e-01,6.848460040721525921e+00,9.940997768498216480e-01
3.795781323317464739e+02,1.699864446093114212e-01,6.803214416069819137e+00,9.943840537684408565e-01
3.879450682985432763e+02,1.616834476278919963e-01,6.759328151998999168e+00,9.946664496326981242e-01
3.964964343246862768e+02,1.538102550148429670e-01,6.716783709730933083e+00,9.949470198861716241e-01
4.052362957510512160e+02,1.463436262883991146e-01,6.675564327386109831e+00,9.952258192418930172e-01
4.141688075297003593e+02,1.392616253320287101e-01,6.635654018909827201e+00,9.955029016644696416e-01
4.232982161991569114e+02,1.325435449080395456e-01,6.597037573655931020e+00,9.957783204361996265e-01
4.326288619032199563e+02,1.261698356465665583e-01,6.559700556643742964e+00,9.960521281646657066e-01
4.421651804542811419e+02,1.201220392397554376e-01,6.523629309504670459e+00,9.963243768218920104e-01
4.519117054421188300e+02,1.143827255874875354e-01,6.488810952136228494e+00,9.965951177778702430e-01
4.618730703891792473e+02,1.089354336564851283e-01,6.455233385082168596e+00,9.968644018140503382e-01
4.720540109533648092e+02,1.037646158291929688e-01,6.422885292658747858e+00,9.971322791817111009e-01
4.824593671793774661e+02,9.885558553247969504e-02,6.391756146848370790e+00,9.973987995910125193e-01
4.930940857996880595e+02,9.419446794901244202e-02,6.361836211983136202e+00,9.976640122909108399e-01
5.039632225862255268e+02,8.976815362618027760e-02,6.333116550242317011e+00,9.979279660463424850e-01
5.150719447539036082e+02,8.556425480872263678e-02,6.305589027989148221e+00,9.981907092153320393e-01
5.264255334171274399e+02,8.157106433180510985e-02,6.279246322974005423e+00,9.984522897411393094e-01
5.380293861004489600e+02,7.777751692122059080e-02,6.254081932432558943e+00,9.987127552085613980e-01
5.498890193045637034e+02,7.417315275671851338e-02,6.230090182109363717e+00,9.989721528595977285e-01
5.620100711288686171e+02,7.074808316321451462e-02,6.207266236239071588e+00,9.992305296265135972e-01
5.743983039518290070e+02,6.749295830284783582e-02,6.185606108519459134e+00,9.994879321708295405e-01
5.870596071704277392e+02,6.439893674856216055e-02,6.165106674112529106e+00,9.997444068942221707e-01
6.000000000000000000e+02,6.145765682712044098e-02,6.145765682712044153e+00,9.999999999999845679e-01
