0,-8,0.768614,0.132556
0,-7.9,0.768614,0.132556
0,-7.8,0.768614,0.132556
0,-7.7,0.768614,0.132556
0,-7.6,0.768614,0.132556
0,-7.5,0.768614,0.132556
0,-7.4,0.768614,0.132556
0,-7.3,0.768614,0.132556
0,-7.2,0.768614,0.132556
0,-7.1,0.768614,0.132556
0,-7,0.768614,0.132556
0,-6.9,0.768614,0.132556
0,-6.8,0.768614,0.132556
0,-6.7,0.768614,0.132556
0,-6.6,0.768614,0.132556
0,-6.5,0.768614,0.132556
0,-6.4,0.768614,0.132556
0,-6.3,0.768614,0.132556
0,-6.2,0.768614,0.132556
0,-6.1,0.768614,0.132556
0,-6,0.768614,0.132556
0,-5.9,0.768614,0.132556
0,-5.8,0.768614,0.132556
0,-5.7,0.768614,0.132556
0,-5.6,0.768614,0.132556
0,-5.5,0.768614,0.132556
0,-5.4,0.768614,0.132556
0,-5.3,0.768614,0.132556
0,-5.2,0.768614,0.132556
0,-5.1,0.768614,0.132556
0,-5,0.768614,0.132556
0,-4.9,0.768614,0.132556
0,-4.8,0.768614,0.132556
0,-4.7,0.768614,0.132556
0,-4.6,0.768614,0.132556
0,-4.5,0.768614,0.132556
0,-4.4,0.768614,0.132556
0,-4.3,0.768614,0.132556
0,-4.2,0.768614,0.132556
0,-4.1,0.768614,0.132556
0,-4,0.768614,0.132556
0,-3.9,0.768614,0.132556
0,-3.8,0.768614,0.132556
0,-3.7,0.768614,0.132556
0,-3.6,0.768614,0.132556
0,-3.5,0.768614,0.132556
0,-3.4,0.95365,0.160903
0,-3.3,1.08739,0.18509
0,-3.2,1.22372,0.213489
0,-3.1,1.3546,0.244839
0,-3,1.47759,0.278482
0,-2.9,1.59811,0.315928
0,-2.8,1.72642,0.361339
0,-2.7,1.84025,0.407061
0,-2.6,1.95395,0.458505
0,-2.5,2.04182,0.502674
0,-2.4,2.15888,0.568196
0,-2.3,2.26263,0.633373
0,-2.2,2.3717,0.709968
0,-2.1,2.48077,0.795824
0,-2,2.58987,0.89209
0,-1.9,2.69897,1
0,-1.8,2.69897,1
0,-1.7,2.69897,1
0,-1.6,2.69897,1
0,-1.5,2.69897,1
0,-1.4,2.69897,1
0,-1.3,2.69897,1
0,-1.2,2.69897,1
0,-1.1,2.69897,1
0,-1,2.69897,1
0,-0.9,2.69897,1
0,-0.8,2.69897,1
0,-0.7,2.69897,1
0,-0.6,2.69897,1
0,-0.5,2.69897,1
0,-0.4,2.69897,1
0,-0.3,2.69897,1
0,-0.2,2.69897,1
0,-0.0999999,2.69897,1
0,1.19209e-07,2.69897,1
0,0.1,2.69897,1
0,0.2,2.69897,1
0,0.3,2.69897,1
0,0.4,2.69897,1
0,0.5,2.69897,1
0,0.6,2.69897,1
0,0.7,2.69897,1
0,0.8,2.69897,1
0,0.9,2.69897,1
0,1,2.69897,1
0,1.1,2.69897,1
0,1.2,2.69897,1
0,1.3,2.69897,1
0,1.4,2.69897,1
0,1.5,2.69897,1
0,1.6,2.69897,1
0,1.7,2.69897,1
0,1.8,2.69897,1
0,1.9,2.69897,1
0,2,2.69897,1
0,2.1,2.69897,1
0,2.2,2.69897,1
0,2.3,2.69897,1
0,2.4,2.69897,1
0,2.5,2.69897,1
0,2.6,2.69897,1
0,2.7,2.69897,1
0,2.8,2.69897,1
0,2.9,2.69897,1
0,3,2.69897,1
0,3.1,2.69897,1
0,3.2,2.69897,1
0,3.3,2.69897,1
0,3.4,2.69897,1
0,3.5,2.69897,1
0,3.6,2.69897,1
0,3.7,2.69897,1
0,3.8,2.69897,1
0,3.9,2.69897,1
0,4,2.69897,1
0,4.1,2.69897,1
0,4.2,2.69897,1
0,4.3,2.69897,1
0,4.4,2.69897,1
0,4.5,2.69897,1
0,4.6,2.69897,1
0,4.7,2.69897,1
0,4.8,2.69897,1
0,4.9,2.69897,1
0,5,2.69897,1
0,5.1,2.69897,1
0,5.2,2.69897,1
0,5.3,2.69897,1
0,5.4,2.69897,1
0,5.5,2.69897,1
0,5.6,2.69897,1
0,5.7,2.69897,1
0,5.8,2.69897,1
0,5.9,2.69897,1
0,6,2.69897,1
0,6.1,2.69897,1
0,6.2,2.69897,1
0,6.3,2.69897,1
0,6.4,2.69897,1
0,6.5,2.69897,1
0,6.6,2.69897,1
0,6.7,2.69897,1
0,6.8,2.69897,1
0,6.9,2.69897,1
0,7,2.69897,1
0,7.1,2.69897,1
0,7.2,2.69897,1
0,7.3,2.69897,1
0,7.4,2.69897,1
0,7.5,2.69897,1
0,7.6,2.69897,1
0,7.7,2.69897,1
0,7.8,2.69897,1
0,7.9,2.69897,1
0,8,2.69897,1
