0,-8,-0.847806,0.0054282
0,-7.9,-0.847806,0.0054282
0,-7.8,-0.847806,0.0054282
0,-7.7,-0.847806,0.0054282
0,-7.6,-0.847806,0.0054282
0,-7.5,-0.847806,0.0054282
0,-7.4,-0.847806,0.0054282
0,-7.3,-0.847806,0.0054282
0,-7.2,-0.847806,0.0054282
0,-7.1,-0.847806,0.0054282
0,-7,-0.847806,0.0054282
0,-6.9,-0.847806,0.0054282
0,-6.8,-0.847806,0.0054282
0,-6.7,-0.847806,0.0054282
0,-6.6,-0.847806,0.0054282
0,-6.5,-0.847806,0.0054282
0,-6.4,-0.847806,0.0054282
0,-6.3,-0.847806,0.0054282
0,-6.2,-0.847806,0.0054282
0,-6.1,-0.847806,0.0054282
0,-6,-0.847806,0.0054282
0,-5.9,-0.847806,0.0054282
0,-5.8,-0.847806,0.0054282
0,-5.7,-0.847806,0.0054282
0,-5.6,-0.847806,0.0054282
0,-5.5,-0.847806,0.0054282
0,-5.4,-0.847806,0.0054282
0,-5.3,-0.847806,0.0054282
0,-5.2,-0.847806,0.0054282
0,-5.1,-0.847806,0.0054282
0,-5,-0.847806,0.0054282
0,-4.9,-0.847806,0.0054282
0,-4.8,-0.847806,0.0054282
0,-4.7,-0.847806,0.0054282
0,-4.6,-0.847806,0.0054282
0,-4.5,-0.847806,0.0054282
0,-4.4,-0.847806,0.0054282
0,-4.3,-0.847806,0.0054282
0,-4.2,-0.847806,0.0054282
0,-4.1,-0.847806,0.0054282
0,-4,-0.847806,0.0054282
0,-3.9,-0.847806,0.0054282
0,-3.8,-0.847806,0.0054282
0,-3.7,-0.847806,0.0054282
0,-3.6,-0.847806,0.0054282
0,-3.5,-0.847806,0.0054282
0,-3.4,-0.486495,0.0292564
0,-3.3,-0.259404,0.0561027
0,-3.2,-0.0267489,0.0890812
0,-3.1,0.181497,0.124225
0,-3,0.363135,0.160471
0,-2.9,0.539482,0.201793
0,-2.8,0.741578,0.25817
0,-2.7,0.89794,0.309702
0,-2.6,1.0543,0.369413
0,-2.5,1.13681,0.404668
0,-2.4,1.30931,0.487945
0,-2.3,1.43131,0.555673
0,-2.2,1.57348,0.64522
0,-2.1,1.71566,0.747801
0,-2,1.85783,0.865331
0,-1.9,2,1
0,-1.8,2,1
0,-1.7,2,1
0,-1.6,2,1
0,-1.5,2,1
0,-1.4,2,1
0,-1.3,2,1
0,-1.2,2,1
0,-1.1,2,1
0,-1,2,1
0,-0.9,2,1
0,-0.8,2,1
0,-0.7,2,1
0,-0.6,2,1
0,-0.5,2,1
0,-0.4,2,1
0,-0.3,2,1
0,-0.2,2,1
0,-0.0999999,2,1
0,1.19209e-07,2,1
0,0.1,2,1
0,0.2,2,1
0,0.3,2,1
0,0.4,2,1
0,0.5,2,1
0,0.6,2,1
0,0.7,2,1
0,0.8,2,1
0,0.9,2,1
0,1,2,1
0,1.1,2,1
0,1.2,2,1
0,1.3,2,1
0,1.4,2,1
0,1.5,2,1
0,1.6,2,1
0,1.7,2,1
0,1.8,2,1
0,1.9,2,1
0,2,2,1
0,2.1,2,1
0,2.2,2,1
0,2.3,2,1
0,2.4,2,1
0,2.5,2,1
0,2.6,2,1
0,2.7,2,1
0,2.8,2,1
0,2.9,2,1
0,3,2,1
0,3.1,2,1
0,3.2,2,1
0,3.3,2,1
0,3.4,2,1
0,3.5,2,1
0,3.6,2,1
0,3.7,2,1
0,3.8,2,1
0,3.9,2,1
0,4,2,1
0,4.1,2,1
0,4.2,2,1
0,4.3,2,1
0,4.4,2,1
0,4.5,2,1
0,4.6,2,1
0,4.7,2,1
0,4.8,2,1
0,4.9,2,1
0,5,2,1
0,5.1,2,1
0,5.2,2,1
0,5.3,2,1
0,5.4,2,1
0,5.5,2,1
0,5.6,2,1
0,5.7,2,1
0,5.8,2,1
0,5.9,2,1
0,6,2,1
0,6.1,2,1
0,6.2,2,1
0,6.3,2,1
0,6.4,2,1
0,6.5,2,1
0,6.6,2,1
0,6.7,2,1
0,6.8,2,1
0,6.9,2,1
0,7,2,1
0,7.1,2,1
0,7.2,2,1
0,7.3,2,1
0,7.4,2,1
0,7.5,2,1
0,7.6,2,1
0,7.7,2,1
0,7.8,2,1
0,7.9,2,1
0,8,2,1
