0,-8,-2.30103,4.65847e-06
0,-7.9,-2.30103,4.65847e-06
0,-7.8,-2.30103,4.65847e-06
0,-7.7,-2.30103,4.65847e-06
0,-7.6,-2.30103,4.65847e-06
0,-7.5,-2.30103,4.65847e-06
0,-7.4,-2.30103,4.65847e-06
0,-7.3,-2.30103,4.65847e-06
0,-7.2,-2.30103,4.65847e-06
0,-7.1,-2.30103,4.65847e-06
0,-7,-2.30103,4.65847e-06
0,-6.9,-2.30103,4.65847e-06
0,-6.8,-2.30103,4.65847e-06
0,-6.7,-2.30103,4.65847e-06
0,-6.6,-2.30103,4.65847e-06
0,-6.5,-2.30103,4.65847e-06
0,-6.4,-2.30103,4.65847e-06
0,-6.3,-2.30103,4.65847e-06
0,-6.2,-2.30103,4.65847e-06
0,-6.1,-2.30103,4.65847e-06
0,-6,-2.30103,4.65847e-06
0,-5.9,-2.30103,4.65847e-06
0,-5.8,-2.30103,4.65847e-06
0,-5.7,-2.30103,4.65847e-06
0,-5.6,-2.30103,4.65847e-06
0,-5.5,-2.30103,4.65847e-06
0,-5.4,-2.30103,4.65847e-06
0,-5.3,-2.30103,4.65847e-06
0,-5.2,-2.30103,4.65847e-06
0,-5.1,-2.30103,4.65847e-06
0,-5,-2.30103,4.65847e-06
0,-4.9,-2.30103,4.65847e-06
0,-4.8,-2.30103,4.65847e-06
0,-4.7,-2.30103,4.65847e-06
0,-4.6,-2.30103,4.65847e-06
0,-4.5,-2.30103,4.65847e-06
0,-4.4,-2.30103,4.65847e-06
0,-4.3,-2.30103,4.65847e-06
0,-4.2,-2.30103,4.65847e-06
0,-4.1,-2.30103,4.65847e-06
0,-4,-2.30103,4.65847e-06
0,-3.9,-2.30103,4.65847e-06
0,-3.8,-2.30103,4.65847e-06
0,-3.7,-2.30103,4.65847e-06
0,-3.6,-2.30103,4.65847e-06
0,-3.5,-2.30103,4.65847e-06
0,-3.4,-1.7658,0.00798928
0,-3.3,-1.27583,0.0149179
0,-3.2,-0.903081,0.0226281
0,-3.1,-0.701312,0.0281445
0,-3,-0.37477,0.039856
0,-2.9,-0.120595,0.0521284
0,-2.8,0.0857656,0.0647694
0,-2.7,0.29217,0.0804448
0,-2.6,0.29217,0.0804448
0,-2.5,0.515004,0.101622
0,-2.4,0.647118,0.116713
0,-2.3,0.781078,0.134298
0,-2.2,0.915014,0.154523
0,-2.1,1.04895,0.177789
0,-2,1.14921,0.197467
0,-1.9,1.24947,0.219322
0,-1.8,1.34973,0.243593
0,-1.7,1.44998,0.270549
0,-1.6,1.55024,0.300487
0,-1.5,1.6505,0.333736
0,-1.4,1.75076,0.370663
0,-1.3,1.85102,0.411676
0,-1.2,1.95128,0.457225
0,-1.1,2.05153,0.507814
0,-1,2.15179,0.563999
0,-0.9,2.243,0.620492
0,-0.8,2.3342,0.682642
0,-0.7,2.42538,0.750999
0,-0.6,2.51659,0.826223
0,-0.5,2.60778,0.908968
0,-0.4,2.69897,1
0,-0.3,2.69897,1
0,-0.2,2.69897,1
0,-0.0999999,2.69897,1
0,1.19209e-07,2.69897,1
0,0.1,2.69897,1
0,0.2,2.69897,1
0,0.3,2.69897,1
0,0.4,2.69897,1
0,0.5,2.69897,1
0,0.6,2.69897,1
0,0.7,2.69897,1
0,0.8,2.69897,1
0,0.9,2.69897,1
0,1,2.69897,1
0,1.1,2.69897,1
0,1.2,2.69897,1
0,1.3,2.69897,1
0,1.4,2.69897,1
0,1.5,2.69897,1
0,1.6,2.69897,1
0,1.7,2.69897,1
0,1.8,2.69897,1
0,1.9,2.69897,1
0,2,2.69897,1
0,2.1,2.69897,1
0,2.2,2.69897,1
0,2.3,2.69897,1
0,2.4,2.69897,1
0,2.5,2.69897,1
0,2.6,2.69897,1
0,2.7,2.69897,1
0,2.8,2.69897,1
0,2.9,2.69897,1
0,3,2.69897,1
0,3.1,2.69897,1
0,3.2,2.69897,1
0,3.3,2.69897,1
0,3.4,2.69897,1
0,3.5,2.69897,1
0,3.6,2.69897,1
0,3.7,2.69897,1
0,3.8,2.69897,1
0,3.9,2.69897,1
0,4,2.69897,1
0,4.1,2.69897,1
0,4.2,2.69897,1
0,4.3,2.69897,1
0,4.4,2.69897,1
0,4.5,2.69897,1
0,4.6,2.69897,1
0,4.7,2.69897,1
0,4.8,2.69897,1
0,4.9,2.69897,1
0,5,2.69897,1
0,5.1,2.69897,1
0,5.2,2.69897,1
0,5.3,2.69897,1
0,5.4,2.69897,1
0,5.5,2.69897,1
0,5.6,2.69897,1
0,5.7,2.69897,1
0,5.8,2.69897,1
0,5.9,2.69897,1
0,6,2.69897,1
0,6.1,2.69897,1
0,6.2,2.69897,1
0,6.3,2.69897,1
0,6.4,2.69897,1
0,6.5,2.69897,1
0,6.6,2.69897,1
0,6.7,2.69897,1
0,6.8,2.69897,1
0,6.9,2.69897,1
0,7,2.69897,1
0,7.1,2.69897,1
0,7.2,2.69897,1
0,7.3,2.69897,1
0,7.4,2.69897,1
0,7.5,2.69897,1
0,7.6,2.69897,1
0,7.7,2.69897,1
0,7.8,2.69897,1
0,7.9,2.69897,1
0,8,2.69897,1
