0,-8,1.31791,0.492466
0,-7.9,1.31791,0.492466
0,-7.8,1.31791,0.492466
0,-7.7,1.31791,0.492466
0,-7.6,1.31791,0.492466
0,-7.5,1.31791,0.492466
0,-7.4,1.31791,0.492466
0,-7.3,1.31791,0.492466
0,-7.2,1.31791,0.492466
0,-7.1,1.31791,0.492466
0,-7,1.31791,0.492466
0,-6.9,1.31791,0.492466
0,-6.8,1.31791,0.492466
0,-6.7,1.31791,0.492466
0,-6.6,1.31791,0.492466
0,-6.5,1.31791,0.492466
0,-6.4,1.31791,0.492466
0,-6.3,1.31791,0.492466
0,-6.2,1.31791,0.492466
0,-6.1,1.31791,0.492466
0,-6,1.31791,0.492466
0,-5.9,1.31791,0.492466
0,-5.8,1.31791,0.492466
0,-5.7,1.31791,0.492466
0,-5.6,1.31791,0.492466
0,-5.5,1.31791,0.492466
0,-5.4,1.31791,0.492466
0,-5.3,1.31791,0.492466
0,-5.2,1.31791,0.492466
0,-5.1,1.31791,0.492466
0,-5,1.31791,0.492466
0,-4.9,1.31791,0.492466
0,-4.8,1.31791,0.492466
0,-4.7,1.31791,0.492466
0,-4.6,1.31794,0.492481
0,-4.5,1.31794,0.492482
0,-4.4,1.33084,0.499332
0,-4.3,1.33103,0.499436
0,-4.2,1.36211,0.516294
0,-4.1,1.38119,0.526891
0,-4,1.38119,0.526891
0,-3.9,1.43292,0.556621
0,-3.8,1.44516,0.563868
0,-3.7,1.44889,0.566096
0,-3.6,1.44889,0.566096
0,-3.5,1.44889,0.566096
0,-3.4,1.44889,0.566096
0,-3.3,1.45213,0.568038
0,-3.2,1.45318,0.568669
0,-3.1,1.45363,0.56894
0,-3,1.45363,0.56894
0,-2.9,1.45363,0.56894
0,-2.8,1.4587,0.57199
0,-2.7,1.4615,0.573686
0,-2.6,1.46506,0.575844
0,-2.5,1.46878,0.578108
0,-2.4,1.4715,0.579767
0,-2.3,1.47461,0.581671
0,-2.2,1.47923,0.584503
0,-2.1,1.48369,0.587258
0,-2,1.48902,0.590563
0,-1.9,1.49504,0.594312
0,-1.8,1.49983,0.597312
0,-1.7,1.50317,0.599416
0,-1.6,1.50885,0.603003
0,-1.5,1.51552,0.607235
0,-1.4,1.52347,0.61232
0,-1.3,1.53068,0.616968
0,-1.2,1.53935,0.622596
0,-1.1,1.54773,0.628083
0,-1,1.55641,0.63381
0,-0.9,1.56307,0.638243
0,-0.8,1.57076,0.643386
0,-0.7,1.57931,0.649157
0,-0.6,1.59086,0.657024
0,-0.5,1.60295,0.665352
0,-0.4,1.61668,0.674924
0,-0.3,1.6273,0.682421
0,-0.2,1.6457,0.695585
0,-0.0999999,1.67403,0.71631
0,1.19209e-07,1.70288,0.738005
0,0.1,1.72417,0.754402
0,0.2,1.74473,0.770554
0,0.3,1.76781,0.789074
0,0.4,1.7942,0.810752
0,0.5,1.82522,0.836946
0,0.6,1.85628,0.863965
0,0.7,1.88742,0.891866
0,0.8,1.92082,0.922747
0,0.9,1.95916,0.959418
0,1,2,1
0,1.1,2,1
0,1.2,2,1
0,1.3,2,1
0,1.4,2,1
0,1.5,2,1
0,1.6,2,1
0,1.7,2,1
0,1.8,2,1
0,1.9,2,1
0,2,2,1
0,2.1,2,1
0,2.2,2,1
0,2.3,2,1
0,2.4,2,1
0,2.5,2,1
0,2.6,2,1
0,2.7,2,1
0,2.8,2,1
0,2.9,2,1
0,3,2,1
0,3.1,2,1
0,3.2,2,1
0,3.3,2,1
0,3.4,2,1
0,3.5,2,1
0,3.6,2,1
0,3.7,2,1
0,3.8,2,1
0,3.9,2,1
0,4,2,1
0,4.1,2,1
0,4.2,2,1
0,4.3,2,1
0,4.4,2,1
0,4.5,2,1
0,4.6,2,1
0,4.7,2,1
0,4.8,2,1
0,4.9,2,1
0,5,2,1
0,5.1,2,1
0,5.2,2,1
0,5.3,2,1
0,5.4,2,1
0,5.5,2,1
0,5.6,2,1
0,5.7,2,1
0,5.8,2,1
0,5.9,2,1
0,6,2,1
0,6.1,2,1
0,6.2,2,1
0,6.3,2,1
0,6.4,2,1
0,6.5,2,1
0,6.6,2,1
0,6.7,2,1
0,6.8,2,1
0,6.9,2,1
0,7,2,1
0,7.1,2,1
0,7.2,2,1
0,7.3,2,1
0,7.4,2,1
0,7.5,2,1
0,7.6,2,1
0,7.7,2,1
0,7.8,2,1
0,7.9,2,1
0,8,2,1
