t_rel_s,P1_global_dot_x,P1_global_dot_y,P1_global_leftchk_Ylin,P1_global_leftchk_sat,P1_global_leftchk_edge_rel,P1_global_gazering_R,P1_global_gazering_G,P1_global_gazering_B,P2_afterimages_dot_x,P2_afterimages_dot_y,P2_afterimages_leftchk_Ylin,P2_afterimages_leftchk_sat,P2_afterimages_leftchk_edge_rel,P2_afterimages_gazering_R,P2_afterimages_gazering_G,P2_afterimages_gazering_B,P3_lowlight_dot_x,P3_lowlight_dot_y,P3_lowlight_leftchk_Ylin,P3_lowlight_leftchk_sat,P3_lowlight_leftchk_edge_rel,P3_lowlight_gazering_R,P3_lowlight_gazering_G,P3_lowlight_gazering_B
-0.500,454.9,143.2,0.003194,0.4094,0.12380,0.168339,0.151419,0.110205,454.9,143.2,0.003138,0.4003,0.11463,0.206206,0.187579,0.138290,454.9,143.2,0.003329,0.2460,0.07479,0.191387,0.171522,0.125235
-0.467,454.3,143.2,0.003183,0.4112,0.12948,0.168840,0.152098,0.110489,454.3,143.2,0.003145,0.4017,0.11339,0.210144,0.191232,0.140949,454.3,143.2,0.003329,0.2367,0.08901,0.196421,0.176307,0.128453
-0.433,454.3,143.2,0.003292,0.3937,0.10385,0.171579,0.153940,0.112554,454.3,143.2,0.003178,0.4028,0.11466,0.210910,0.191820,0.140756,454.3,143.2,0.003369,0.2296,0.11644,0.197950,0.177542,0.129330
-0.400,454.3,143.2,0.003296,0.3936,0.10636,0.171852,0.154610,0.112608,454.3,143.2,0.003187,0.4046,0.11451,0.212108,0.192632,0.140909,454.3,143.2,0.003369,0.2298,0.11640,0.199878,0.179136,0.130973
-0.367,454.3,142.9,0.003340,0.3974,0.10775,0.174108,0.156441,0.113954,454.3,142.9,0.003211,0.4057,0.11313,0.215464,0.195796,0.143842,454.3,142.9,0.003417,0.2411,0.09608,0.204975,0.183515,0.134381
-0.333,454.3,142.9,0.003334,0.4005,0.11821,0.174567,0.157267,0.114253,454.3,142.9,0.003216,0.4069,0.11393,0.216552,0.196432,0.143755,454.3,142.9,0.003431,0.2399,0.09560,0.206364,0.184771,0.135229
-0.300,454.3,142.9,0.003384,0.3973,0.10218,0.177272,0.159131,0.116271,454.3,142.9,0.003254,0.4076,0.11283,0.217252,0.196959,0.143687,454.3,142.9,0.003463,0.2444,0.08203,0.207765,0.186275,0.136210
-0.267,453.9,142.9,0.003387,0.3989,0.10413,0.177811,0.160059,0.116747,453.9,142.9,0.003258,0.4076,0.11442,0.219678,0.198911,0.145004,453.9,142.9,0.003475,0.2456,0.08050,0.211036,0.189018,0.138458
-0.233,453.9,142.9,0.003445,0.3987,0.10677,0.180263,0.162112,0.117922,453.9,142.9,0.003298,0.4030,0.11617,0.220275,0.199249,0.144947,453.9,142.9,0.003524,0.2540,0.07750,0.212750,0.190417,0.139213
-0.200,453.9,142.9,0.003447,0.4015,0.11657,0.180744,0.162917,0.118145,453.9,142.9,0.003307,0.4039,0.11805,0.221212,0.199739,0.145262,453.9,142.9,0.003542,0.2555,0.07928,0.214501,0.191770,0.140441
-0.167,453.9,142.9,0.003512,0.3958,0.09565,0.183284,0.164574,0.120126,453.9,142.9,0.003359,0.4011,0.11014,0.222130,0.200517,0.145741,453.9,142.9,0.003616,0.2420,0.08327,0.215783,0.193173,0.140645
-0.133,453.9,142.9,0.003511,0.3997,0.09691,0.183723,0.165406,0.120183,453.9,142.9,0.003365,0.4041,0.11039,0.224868,0.202301,0.147338,453.9,142.9,0.003627,0.2397,0.08824,0.217925,0.194619,0.142027
-0.100,453.9,142.9,0.003536,0.4017,0.10238,0.186122,0.167298,0.121772,453.9,142.9,0.003436,0.3979,0.10574,0.225133,0.202930,0.147642,453.9,142.9,0.003692,0.2349,0.09156,0.220273,0.197130,0.143311
-0.067,453.3,142.2,0.003532,0.4056,0.10858,0.186566,0.168109,0.121998,453.3,142.2,0.003454,0.3952,0.10697,0.230708,0.207857,0.151967,453.9,142.9,0.003697,0.2356,0.09066,0.222170,0.198752,0.144567
-0.033,453.3,142.2,0.003626,0.3942,0.10114,0.189248,0.169958,0.124069,453.3,142.2,0.003465,0.4016,0.11049,0.230951,0.208253,0.151673,453.3,142.2,0.003696,0.2359,0.10124,0.227043,0.203644,0.148017
0.000,141.8,197.8,0.003628,0.3933,0.23109,0.005290,0.003341,0.002709,141.8,197.8,0.004780,0.5763,0.19068,0.019949,0.003665,0.008690,141.8,197.8,0.004465,0.4890,0.19081,0.016427,0.003339,0.007765
0.033,141.2,196.8,0.003681,0.3943,0.23986,0.005363,0.003427,0.002747,141.2,196.8,0.004791,0.5800,0.18330,0.019864,0.003590,0.008691,141.2,196.8,0.004525,0.4897,0.19592,0.016527,0.003343,0.007842
0.067,141.8,196.2,0.003724,0.3855,0.21617,0.005361,0.003515,0.002795,141.8,196.2,0.004732,0.5812,0.18114,0.019767,0.003477,0.008583,141.8,196.2,0.004495,0.4906,0.19878,0.016558,0.003273,0.007832
0.100,141.2,196.2,0.003788,0.3875,0.21238,0.005461,0.003557,0.002852,141.2,196.2,0.004728,0.5892,0.18219,0.020003,0.003310,0.008685,141.2,196.2,0.004504,0.4935,0.19728,0.016647,0.003209,0.007869
0.133,141.2,195.2,0.003779,0.3863,0.21739,0.005415,0.003602,0.002820,141.2,195.2,0.004675,0.5909,0.18922,0.019576,0.003255,0.008477,141.2,195.2,0.004480,0.4958,0.20033,0.016557,0.003132,0.007808
0.167,141.2,194.8,0.003817,0.3900,0.21288,0.005626,0.003608,0.002891,141.2,194.8,0.004704,0.5917,0.18471,0.019677,0.003157,0.008525,141.2,195.2,0.004499,0.4969,0.19533,0.016604,0.003081,0.007840
0.200,140.8,194.2,0.003804,0.3890,0.21578,0.005655,0.003579,0.002947,140.8,194.2,0.004649,0.5951,0.18908,0.019384,0.003039,0.008392,141.2,194.8,0.004473,0.4999,0.19623,0.016580,0.002983,0.007807
0.233,140.8,193.2,0.003890,0.3885,0.21431,0.005684,0.003687,0.002924,140.8,193.2,0.004686,0.5933,0.18716,0.019351,0.003020,0.008389,140.8,194.2,0.004499,0.5005,0.20015,0.016693,0.002948,0.007869
0.267,140.8,192.2,0.003879,0.3862,0.21424,0.005703,0.003664,0.002992,140.8,192.2,0.004638,0.5970,0.19449,0.019133,0.002939,0.008275,140.8,193.2,0.004471,0.5021,0.20196,0.016554,0.002889,0.007799
0.300,141.2,191.8,0.003947,0.3874,0.20955,0.005732,0.003736,0.002967,141.2,191.8,0.004654,0.5943,0.18754,0.019054,0.002908,0.008114,140.8,192.2,0.004496,0.4996,0.20135,0.016564,0.002850,0.007802
0.333,140.8,192.2,0.003939,0.3838,0.21686,0.005744,0.003714,0.002997,140.8,192.2,0.004617,0.5981,0.19342,0.019031,0.002793,0.008107,141.2,191.8,0.004454,0.5016,0.20347,0.016432,0.002782,0.007743
0.367,140.8,191.8,0.004045,0.3797,0.21169,0.005851,0.003819,0.003020,140.8,191.8,0.004631,0.5963,0.19239,0.018838,0.002787,0.007970,140.8,192.2,0.004485,0.5002,0.20327,0.016495,0.002744,0.007800
0.400,140.8,191.8,0.004054,0.3834,0.21171,0.005862,0.003818,0.003035,140.8,191.8,0.004594,0.5967,0.19409,0.018597,0.002710,0.007992,140.8,191.8,0.004454,0.5017,0.20643,0.016289,0.002680,0.007683
0.433,140.8,191.8,0.004137,0.3816,0.20935,0.006010,0.003915,0.003091,140.8,191.8,0.004590,0.5978,0.19307,0.018535,0.002625,0.007991,140.8,191.8,0.004472,0.5002,0.20229,0.016253,0.002624,0.007695
0.467,141.2,191.8,0.004136,0.3836,0.20982,0.005981,0.003938,0.003098,141.2,191.8,0.004524,0.5989,0.19458,0.018272,0.002508,0.007765,141.2,191.8,0.004427,0.5045,0.20193,0.016130,0.002547,0.007659
0.500,140.8,191.8,0.004173,0.3828,0.20539,0.006083,0.003989,0.003128,140.8,191.8,0.004542,0.6019,0.19208,0.018484,0.002422,0.007935,140.8,191.8,0.004439,0.5098,0.19062,0.016175,0.002477,0.007656
0.533,140.8,191.8,0.004171,0.3838,0.20637,0.006056,0.003991,0.003134,140.8,191.8,0.004500,0.6017,0.19131,0.018183,0.002356,0.007767,140.8,191.8,0.004405,0.5089,0.19671,0.016065,0.002429,0.007626
0.567,141.2,191.2,0.004193,0.3894,0.20237,0.006228,0.003995,0.003211,141.2,191.2,0.004503,0.6055,0.19247,0.018143,0.002291,0.007838,141.2,191.2,0.004406,0.5094,0.18479,0.016002,0.002393,0.007657
0.600,141.2,191.2,0.004205,0.3920,0.20400,0.006171,0.004046,0.003135,141.2,191.2,0.004457,0.6049,0.19609,0.017804,0.002233,0.007656,141.2,191.2,0.004399,0.5089,0.18436,0.015966,0.002384,0.007634
0.633,141.8,190.8,0.004263,0.3913,0.20118,0.006298,0.004075,0.003233,141.8,190.8,0.004468,0.6037,0.19323,0.017794,0.002190,0.007679,141.2,191.2,0.004408,0.5101,0.18331,0.015847,0.002312,0.007594
0.667,141.8,190.8,0.004278,0.3938,0.20224,0.006275,0.004098,0.003175,141.8,190.8,0.004429,0.6030,0.19594,0.017466,0.002159,0.007477,141.8,190.8,0.004374,0.5105,0.18517,0.015746,0.002261,0.007522
0.700,142.8,190.2,0.004318,0.3939,0.20321,0.006363,0.004115,0.003277,142.8,190.2,0.004448,0.5995,0.19965,0.017423,0.002136,0.007558,141.8,190.8,0.004407,0.5030,0.18327,0.015602,0.002273,0.007511
0.733,143.2,190.2,0.004320,0.3947,0.20268,0.006326,0.004130,0.003229,143.2,190.2,0.004420,0.5981,0.20265,0.017122,0.002099,0.007395,142.8,190.2,0.004382,0.4980,0.18769,0.015429,0.002264,0.007480
0.767,143.8,190.2,0.004418,0.3907,0.20463,0.006497,0.004185,0.003341,143.8,190.2,0.004455,0.5949,0.20049,0.017233,0.002081,0.007426,143.2,190.2,0.004419,0.4870,0.18668,0.015287,0.002225,0.007401
0.800,144.2,189.8,0.004427,0.3905,0.20600,0.006487,0.004220,0.003322,144.2,189.8,0.004412,0.5922,0.20381,0.016853,0.002039,0.007228,143.8,190.2,0.004407,0.4859,0.18563,0.015287,0.002189,0.007409
0.833,144.2,189.8,0.004483,0.3881,0.20093,0.006692,0.004290,0.003430,144.2,189.8,0.004444,0.5928,0.20300,0.016777,0.002023,0.007240,144.2,189.8,0.004423,0.4998,0.18647,0.015214,0.002117,0.007467
0.867,144.8,190.2,0.004486,0.3913,0.20559,0.006670,0.004318,0.003413,144.8,190.2,0.004425,0.5910,0.20316,0.016676,0.001960,0.007183,144.8,190.2,0.004402,0.5004,0.19007,0.015171,0.002072,0.007416
0.900,145.2,190.2,0.004536,0.3873,0.19883,0.006799,0.004347,0.003512,145.2,190.2,0.004439,0.5877,0.20568,0.016502,0.001958,0.007151,145.2,190.2,0.004424,0.4906,0.18733,0.014995,0.002085,0.007398
0.933,145.2,189.8,0.004539,0.3909,0.20145,0.006767,0.004375,0.003466,145.2,189.8,0.004420,0.5888,0.20652,0.016313,0.001915,0.007043,145.2,189.8,0.004412,0.4901,0.18894,0.014791,0.002072,0.007290
0.967,145.8,189.2,0.004588,0.3869,0.20065,0.006883,0.004400,0.003568,145.8,189.2,0.004440,0.5868,0.20908,0.016225,0.001912,0.007055,145.8,189.2,0.004428,0.4861,0.18542,0.014694,0.002072,0.007281
1.000,145.8,189.8,0.004591,0.3892,0.20744,0.006837,0.004408,0.003503,145.8,189.8,0.004407,0.5881,0.21796,0.015909,0.001894,0.006849,145.8,189.8,0.004419,0.4869,0.18811,0.014612,0.002027,0.007203
1.033,145.2,189.8,0.004650,0.3868,0.20294,0.006964,0.004414,0.003565,145.2,189.8,0.004475,0.5851,0.21908,0.015856,0.001888,0.006878,145.8,189.8,0.004441,0.4881,0.18744,0.014595,0.002014,0.007237
1.067,145.8,189.8,0.004715,0.3908,0.23311,0.006939,0.004533,0.003485,145.8,189.8,0.004462,0.5845,0.21714,0.015687,0.001849,0.006769,145.2,189.8,0.004434,0.4898,0.18879,0.014330,0.001993,0.007181
1.100,145.8,189.2,0.004735,0.3904,0.22968,0.006988,0.004551,0.003538,145.8,189.2,0.004485,0.5825,0.21326,0.015655,0.001839,0.006842,145.8,189.8,0.004460,0.4886,0.18980,0.014362,0.001958,0.007208
1.133,145.8,188.8,0.004732,0.3923,0.23208,0.006974,0.004565,0.003505,145.8,188.8,0.004465,0.5814,0.21231,0.015348,0.001821,0.006674,145.8,189.2,0.004458,0.4895,0.19018,0.014197,0.001945,0.007102
1.167,145.8,188.2,0.004794,0.3886,0.22172,0.007108,0.004611,0.003593,145.8,188.2,0.004515,0.5799,0.21025,0.015289,0.001838,0.006685,145.8,188.8,0.004491,0.4855,0.19011,0.014218,0.001952,0.007143
1.200,145.8,188.2,0.004784,0.3906,0.22741,0.007060,0.004613,0.003562,145.8,188.2,0.004497,0.5811,0.20825,0.015062,0.001811,0.006591,145.8,188.2,0.004475,0.4857,0.19111,0.013913,0.001941,0.007021
1.233,146.2,188.2,0.004855,0.3887,0.21980,0.007192,0.004668,0.003627,146.2,188.2,0.004526,0.5800,0.21163,0.014983,0.001820,0.006524,146.2,188.2,0.004524,0.4827,0.19090,0.013910,0.001947,0.007059
1.267,146.8,188.2,0.004843,0.3919,0.22548,0.007146,0.004691,0.003617,146.8,188.2,0.004518,0.5788,0.21563,0.014799,0.001790,0.006450,146.8,188.2,0.004516,0.4806,0.19448,0.013764,0.001930,0.007013
1.300,146.8,187.2,0.004944,0.3883,0.21910,0.007335,0.004818,0.003761,146.8,187.2,0.004560,0.5781,0.21536,0.014724,0.001827,0.006451,146.8,187.2,0.004552,0.4768,0.19498,0.013677,0.001949,0.006999
1.333,146.8,187.2,0.004937,0.3881,0.22366,0.007302,0.004830,0.003727,146.8,187.2,0.004553,0.5779,0.22051,0.014533,0.001813,0.006378,146.8,187.2,0.004549,0.4770,0.19652,0.013540,0.001928,0.006925
1.367,147.2,186.8,0.005043,0.3858,0.22006,0.007491,0.004909,0.003820,147.2,186.8,0.004589,0.5754,0.21963,0.014417,0.001845,0.006367,147.2,186.8,0.004582,0.4743,0.19728,0.013437,0.001933,0.006954
1.400,146.8,187.2,0.005039,0.3885,0.22456,0.007499,0.004912,0.003772,146.8,187.2,0.004574,0.5758,0.22234,0.014240,0.001824,0.006270,147.2,186.8,0.004577,0.4742,0.19703,0.013304,0.001919,0.006885
1.433,146.8,187.2,0.005119,0.3865,0.21517,0.007630,0.004947,0.003835,146.8,187.2,0.004619,0.5725,0.22211,0.014209,0.001835,0.006255,146.8,187.2,0.004612,0.4742,0.19735,0.013290,0.001934,0.006930
1.467,146.2,186.8,0.005115,0.3885,0.21967,0.007565,0.004972,0.003773,146.2,186.8,0.004609,0.5740,0.22322,0.014025,0.001835,0.006165,146.8,187.2,0.004605,0.4724,0.19671,0.013093,0.001924,0.006853
1.500,146.2,186.8,0.005188,0.3835,0.20762,0.007729,0.005003,0.003872,146.2,186.8,0.004665,0.5710,0.21983,0.013999,0.001854,0.006160,146.2,186.8,0.004629,0.4736,0.19543,0.013001,0.001950,0.006845
1.533,146.2,186.2,0.005186,0.3881,0.21485,0.007641,0.005038,0.003833,146.2,186.2,0.004652,0.5718,0.22235,0.013773,0.001854,0.006065,146.2,186.8,0.004607,0.4637,0.20676,0.012747,0.001952,0.006703
1.567,146.2,186.2,0.005234,0.3816,0.20127,0.007767,0.005067,0.003931,146.2,186.2,0.004712,0.5677,0.21953,0.013723,0.001885,0.006077,146.2,186.2,0.004662,0.4609,0.20609,0.012717,0.001971,0.006701
1.600,146.8,185.8,0.005249,0.3837,0.20453,0.007759,0.005143,0.003918,146.8,185.8,0.004696,0.5684,0.22138,0.013536,0.001876,0.006006,146.8,185.8,0.004659,0.4605,0.20685,0.012733,0.001960,0.006703
1.633,146.8,185.8,0.005301,0.3862,0.20267,0.007863,0.005181,0.003954,146.8,185.8,0.004752,0.5661,0.22121,0.013528,0.001932,0.006041,146.8,185.8,0.004709,0.4607,0.20365,0.012670,0.001986,0.006708
1.667,146.2,186.2,0.005301,0.3891,0.21185,0.007836,0.005197,0.003876,146.2,186.2,0.004753,0.5657,0.22038,0.013418,0.001938,0.005950,146.2,186.2,0.004708,0.4603,0.20487,0.012556,0.001985,0.006702
1.700,146.8,185.8,0.005410,0.3788,0.19787,0.008040,0.005292,0.004020,146.8,185.8,0.004797,0.5622,0.21903,0.013337,0.001977,0.005938,146.8,185.8,0.004811,0.4611,0.18936,0.012389,0.002035,0.006740
1.733,146.8,185.2,0.005451,0.3809,0.19584,0.008034,0.005384,0.004061,146.8,185.2,0.004792,0.5616,0.22126,0.013127,0.001989,0.005866,146.8,185.2,0.004814,0.4606,0.19135,0.012243,0.002054,0.006697
1.767,147.2,185.2,0.005506,0.3826,0.19627,0.008154,0.005430,0.004154,147.2,185.2,0.004861,0.5574,0.21447,0.013131,0.002041,0.005889,146.8,185.2,0.004876,0.4536,0.18474,0.012264,0.002093,0.006730
1.800,147.2,185.8,0.005505,0.3868,0.20279,0.008128,0.005450,0.004047,147.2,185.8,0.004863,0.5594,0.21517,0.013097,0.002021,0.005879,147.2,185.2,0.004883,0.4531,0.18271,0.012151,0.002107,0.006675
1.833,146.8,185.2,0.005613,0.3815,0.19631,0.008306,0.005567,0.004241,146.8,185.2,0.004912,0.5573,0.20816,0.013094,0.002059,0.005905,147.2,185.8,0.004924,0.4522,0.17902,0.012091,0.002130,0.006698
1.867,146.2,185.8,0.005640,0.3833,0.19561,0.008361,0.005629,0.004179,146.2,185.8,0.004919,0.5585,0.21066,0.012970,0.002083,0.005829,146.8,185.2,0.004925,0.4543,0.18011,0.012023,0.002145,0.006687
1.900,138.2,190.8,0.005697,0.3876,0.19627,0.008744,0.005475,0.003971,138.2,190.8,0.004979,0.5800,0.21016,0.013266,0.001987,0.005683,146.2,185.8,0.004927,0.4508,0.18504,0.011847,0.002177,0.006589
1.933,135.2,191.8,0.005688,0.3883,0.19925,0.008622,0.005349,0.003863,135.2,191.8,0.004992,0.5827,0.21237,0.013171,0.001962,0.005629,138.2,190.8,0.004974,0.4731,0.18757,0.011555,0.002120,0.006486
1.967,135.2,191.8,0.005782,0.3814,0.18995,0.008737,0.005373,0.003957,135.2,191.8,0.005017,0.5805,0.21101,0.013116,0.002004,0.005626,135.2,191.8,0.004996,0.4756,0.19629,0.011412,0.002106,0.006448
2.000,128.8,197.2,0.005763,0.3798,0.19054,0.008335,0.005116,0.003920,128.8,197.2,0.005117,0.5892,0.21223,0.012843,0.001943,0.005732,128.8,197.2,0.005123,0.4832,0.19183,0.011199,0.002057,0.006382
2.033,126.2,198.8,0.005790,0.3818,0.19034,0.008284,0.005095,0.003983,126.2,198.8,0.005171,0.5894,0.20403,0.012516,0.002040,0.005643,126.2,198.8,0.005185,0.4811,0.19297,0.011192,0.002105,0.006451
2.067,117.8,204.8,0.005862,0.3751,0.17298,0.007794,0.005271,0.004140,117.8,204.8,0.005349,0.5809,0.20202,0.012042,0.002338,0.005865,117.8,204.8,0.005335,0.4786,0.19377,0.011278,0.002252,0.006567
2.100,111.8,208.8,0.005952,0.3736,0.17349,0.007845,0.005595,0.004395,111.8,208.8,0.005473,0.5742,0.20185,0.011826,0.002711,0.006008,111.8,208.8,0.005459,0.4740,0.18987,0.011520,0.002546,0.006814
2.133,110.8,208.8,0.005952,0.3735,0.17444,0.007696,0.005622,0.004396,110.8,208.8,0.005492,0.5710,0.20002,0.011661,0.002769,0.005973,110.8,208.8,0.005478,0.4711,0.18966,0.011467,0.002593,0.006840
2.167,105.8,211.8,0.006001,0.3781,0.17135,0.007874,0.005680,0.004523,105.8,211.8,0.005580,0.5652,0.19670,0.011498,0.002931,0.006070,105.8,211.8,0.005567,0.4639,0.18646,0.011492,0.002724,0.006890
2.200,106.2,211.2,0.006012,0.3834,0.17382,0.007851,0.005705,0.004435,106.2,211.2,0.005577,0.5641,0.19483,0.011375,0.002933,0.006013,105.8,211.8,0.005577,0.4611,0.18612,0.011417,0.002747,0.006866
2.233,105.8,211.2,0.006139,0.3753,0.16701,0.008003,0.005796,0.004667,105.8,211.2,0.005602,0.5650,0.19694,0.011581,0.002884,0.006240,106.2,211.2,0.005624,0.4587,0.18494,0.011404,0.002776,0.006897
2.267,105.2,210.8,0.006120,0.3758,0.16916,0.008050,0.005728,0.004710,105.2,210.8,0.005610,0.5635,0.19741,0.011361,0.002927,0.006198,105.8,211.2,0.005631,0.4572,0.18420,0.011337,0.002807,0.006886
2.300,104.8,210.8,0.006193,0.3774,0.16805,0.008111,0.005795,0.004701,104.8,210.8,0.005655,0.5587,0.19556,0.011294,0.002967,0.006121,105.2,210.8,0.005677,0.4522,0.18326,0.011275,0.002864,0.006859
2.333,105.2,210.8,0.006167,0.3776,0.16940,0.008196,0.005743,0.004798,105.2,210.8,0.005675,0.5560,0.19567,0.011264,0.003020,0.006129,104.8,210.8,0.005679,0.4504,0.18342,0.011193,0.002879,0.006856
2.367,105.2,210.2,0.006251,0.3790,0.17107,0.008174,0.005862,0.004688,105.2,210.2,0.005707,0.5515,0.19369,0.011097,0.003056,0.006081,105.2,210.8,0.005744,0.4567,0.17198,0.011272,0.002930,0.006987
2.400,105.2,210.2,0.006239,0.3787,0.17086,0.008224,0.005830,0.004749,105.2,210.2,0.005736,0.5495,0.19313,0.011145,0.003090,0.006116,105.2,210.2,0.005752,0.4562,0.17202,0.011160,0.002922,0.006952
2.433,104.8,209.8,0.006322,0.3800,0.17184,0.008266,0.005908,0.004731,104.8,209.8,0.005777,0.5473,0.19172,0.011045,0.003132,0.006104,104.8,209.8,0.005780,0.4496,0.17571,0.011039,0.002959,0.006879
2.467,104.8,210.2,0.006315,0.3785,0.17009,0.008272,0.005915,0.004756,104.8,210.2,0.005797,0.5455,0.19219,0.011000,0.003186,0.006108,104.8,210.2,0.005788,0.4471,0.17403,0.010978,0.003008,0.006850
2.500,104.8,209.8,0.006402,0.3798,0.17530,0.008404,0.005997,0.004806,104.8,209.8,0.005830,0.5410,0.19062,0.010931,0.003227,0.006085,104.8,209.8,0.005848,0.4480,0.17351,0.010983,0.003051,0.006901
2.533,104.2,209.8,0.006397,0.3778,0.17327,0.008437,0.005973,0.004834,104.2,209.8,0.005845,0.5383,0.19185,0.010851,0.003262,0.006104,104.2,209.8,0.005859,0.4410,0.17313,0.010812,0.003124,0.006799
2.567,104.2,208.8,0.006479,0.3804,0.16967,0.008606,0.005976,0.004928,104.2,208.8,0.005895,0.5367,0.19286,0.010811,0.003306,0.006101,104.2,208.8,0.005899,0.4443,0.16446,0.010884,0.003148,0.006888
2.600,104.2,208.2,0.006517,0.3807,0.17051,0.008565,0.006024,0.004889,104.2,208.2,0.005908,0.5357,0.19101,0.010756,0.003327,0.006079,104.2,208.8,0.005896,0.4434,0.16530,0.010813,0.003158,0.006875
2.633,103.8,207.2,0.006597,0.3790,0.16573,0.008726,0.006014,0.004965,103.8,207.2,0.005960,0.5317,0.19575,0.010612,0.003370,0.005990,104.2,208.2,0.005939,0.4404,0.16434,0.010738,0.003216,0.006917
2.667,103.8,207.8,0.006614,0.3825,0.16817,0.008683,0.006088,0.004902,103.8,207.8,0.005979,0.5294,0.19492,0.010596,0.003429,0.005979,103.8,207.2,0.005937,0.4408,0.16539,0.010712,0.003202,0.006886
2.700,104.8,207.2,0.006638,0.3817,0.16566,0.008762,0.006103,0.005004,104.8,207.2,0.006033,0.5271,0.19684,0.010592,0.003473,0.005991,103.8,207.8,0.006027,0.4337,0.16669,0.010631,0.003312,0.006942
2.733,104.8,207.2,0.006645,0.3835,0.16718,0.008729,0.006120,0.004973,104.8,207.2,0.006046,0.5261,0.19646,0.010556,0.003507,0.005961,104.8,207.2,0.006029,0.4323,0.16424,0.010590,0.003294,0.006897
2.767,104.2,206.2,0.006716,0.3830,0.16648,0.008775,0.006095,0.005047,104.2,206.2,0.006098,0.5224,0.19463,0.010535,0.003571,0.006027,104.2,206.2,0.006118,0.4276,0.16130,0.010634,0.003405,0.006857
2.800,104.8,206.8,0.006733,0.3834,0.17030,0.008726,0.006160,0.004985,104.8,206.8,0.006132,0.5211,0.19453,0.010545,0.003627,0.006019,104.8,206.8,0.006121,0.4240,0.16329,0.010559,0.003425,0.006826
2.833,105.8,206.8,0.006801,0.3822,0.16712,0.008831,0.006214,0.005056,105.8,206.8,0.006194,0.5160,0.19662,0.010445,0.003742,0.005943,105.8,206.8,0.006224,0.4254,0.15932,0.010839,0.003499,0.007118
2.867,106.2,207.2,0.006818,0.3842,0.16957,0.008825,0.006286,0.005025,106.2,207.2,0.006216,0.5137,0.19504,0.010485,0.003780,0.005920,106.2,207.2,0.006245,0.4230,0.15721,0.010809,0.003540,0.007143
2.900,106.2,206.8,0.006907,0.3825,0.17130,0.009019,0.006355,0.005185,106.2,206.8,0.006284,0.5108,0.19558,0.010463,0.003873,0.005939,106.2,206.8,0.006306,0.4138,0.15678,0.010720,0.003628,0.007041
2.933,106.8,207.2,0.006927,0.3813,0.17719,0.009008,0.006432,0.005130,106.8,207.2,0.006309,0.5081,0.19546,0.010465,0.003891,0.005931,106.8,207.2,0.006345,0.4108,0.15692,0.010717,0.003666,0.007024
2.967,106.2,207.2,0.007023,0.3795,0.17267,0.009232,0.006508,0.005315,106.2,207.2,0.006366,0.5051,0.19212,0.010457,0.003971,0.005953,106.8,207.2,0.006374,0.4106,0.15863,0.010687,0.003698,0.007044
3.000,105.2,204.8,0.007032,0.3823,0.17645,0.009109,0.006380,0.005213,105.2,204.8,0.006355,0.5072,0.20260,0.010162,0.003964,0.005865,106.2,207.2,0.006408,0.4097,0.15710,0.010684,0.003744,0.007046
3.033,104.2,202.8,0.007099,0.3819,0.17157,0.009189,0.006284,0.005297,104.2,202.8,0.006430,0.5072,0.19911,0.010353,0.003910,0.006016,105.2,204.8,0.006428,0.4096,0.15736,0.010545,0.003729,0.007043
3.067,103.2,200.8,0.007173,0.3841,0.18758,0.009160,0.006274,0.005281,103.2,200.8,0.006425,0.5088,0.20067,0.010361,0.003869,0.006022,104.2,202.8,0.006455,0.4138,0.15787,0.010628,0.003724,0.007117
3.100,101.8,198.8,0.007214,0.3843,0.18290,0.009286,0.006151,0.005323,101.8,198.8,0.006482,0.5121,0.19886,0.010667,0.003812,0.006112,103.2,200.8,0.006456,0.4144,0.15935,0.010529,0.003717,0.007119
3.133,101.8,198.8,0.007218,0.3852,0.18451,0.009248,0.006181,0.005287,101.8,198.8,0.006522,0.5095,0.19775,0.010690,0.003878,0.006183,101.8,198.8,0.006479,0.4146,0.15952,0.010495,0.003727,0.007110
3.167,100.8,196.2,0.007270,0.3863,0.18195,0.009409,0.006118,0.005359,100.8,196.2,0.006535,0.5064,0.19715,0.010802,0.003880,0.005989,100.8,196.2,0.006523,0.4161,0.15942,0.010580,0.003731,0.007212
3.200,100.2,193.8,0.007260,0.3870,0.18429,0.009425,0.006089,0.005355,100.2,193.8,0.006621,0.5098,0.19287,0.011216,0.003861,0.006172,100.2,193.8,0.006547,0.4146,0.16128,0.010602,0.003751,0.007217
3.233,98.8,190.8,0.007347,0.3855,0.18057,0.009711,0.006134,0.005508,98.8,190.8,0.006681,0.5098,0.19301,0.011543,0.003986,0.006123,98.8,190.8,0.006610,0.4186,0.16211,0.010875,0.003830,0.007367
3.267,97.8,188.2,0.007348,0.3885,0.18575,0.009749,0.006122,0.005527,97.8,188.2,0.006745,0.5136,0.19099,0.011881,0.004021,0.006089,97.8,188.2,0.006645,0.4140,0.16266,0.010831,0.003933,0.007376
3.300,97.8,187.8,0.007475,0.3861,0.18428,0.009883,0.006139,0.005613,97.8,187.8,0.006799,0.5122,0.19253,0.011965,0.004039,0.006190,97.8,187.8,0.006697,0.4119,0.16362,0.010895,0.003962,0.007418
3.333,95.8,186.8,0.007480,0.3881,0.18628,0.010002,0.006156,0.005524,95.8,186.8,0.006841,0.5113,0.19242,0.012243,0.004092,0.006016,95.8,186.8,0.006733,0.4100,0.16363,0.010872,0.004047,0.007472
3.367,94.2,184.2,0.007588,0.3859,0.18110,0.010222,0.006213,0.005672,94.2,184.2,0.006950,0.5099,0.19248,0.012355,0.004110,0.005864,95.8,186.8,0.006775,0.4060,0.16250,0.010914,0.004095,0.007436
3.400,92.2,181.8,0.007591,0.3871,0.18485,0.010207,0.006176,0.005612,92.2,181.8,0.006988,0.5101,0.19463,0.012375,0.004062,0.005659,94.2,184.2,0.006850,0.4062,0.15964,0.010884,0.004107,0.007436
3.433,90.2,179.2,0.007648,0.3858,0.18050,0.010213,0.006146,0.005630,90.2,179.2,0.007070,0.5070,0.19478,0.012401,0.004018,0.005484,92.2,181.8,0.006865,0.3984,0.16425,0.010647,0.004082,0.007221
3.467,87.8,177.2,0.007639,0.3876,0.18192,0.010058,0.006082,0.005519,87.8,177.2,0.007092,0.5056,0.19407,0.012262,0.003926,0.005245,90.2,179.2,0.006947,0.3980,0.16132,0.010534,0.004035,0.007215
3.500,86.2,175.8,0.007727,0.3861,0.18041,0.010116,0.006075,0.005560,86.2,175.8,0.007182,0.5019,0.19093,0.012197,0.003878,0.005145,87.8,177.2,0.006986,0.3935,0.16000,0.010288,0.003961,0.007047
3.533,83.8,173.8,0.007711,0.3871,0.18349,0.009783,0.005966,0.005406,83.8,173.8,0.007191,0.5007,0.19041,0.011915,0.003761,0.004944,86.2,175.8,0.007004,0.3833,0.16467,0.009973,0.003938,0.006770
3.567,81.2,172.2,0.007777,0.3854,0.17731,0.009691,0.005900,0.005421,81.2,172.2,0.007246,0.4968,0.19094,0.011706,0.003687,0.004818,83.8,173.8,0.007079,0.3763,0.16378,0.009740,0.003867,0.006691
3.600,81.2,172.2,0.007774,0.3880,0.18340,0.009620,0.005908,0.005337,81.2,172.2,0.007266,0.4958,0.19141,0.011663,0.003728,0.004801,81.2,172.2,0.007063,0.3777,0.16574,0.009484,0.003760,0.006520
3.633,81.2,170.2,0.007846,0.3864,0.17756,0.009485,0.005811,0.005467,81.2,170.2,0.007321,0.4932,0.19079,0.011281,0.003633,0.004822,81.2,170.2,0.007157,0.3749,0.16234,0.009249,0.003668,0.006368
3.667,80.8,170.8,0.007845,0.3871,0.18351,0.009513,0.005865,0.005386,80.8,170.8,0.007338,0.4905,0.19089,0.011397,0.003710,0.004809,80.8,170.8,0.007156,0.3715,0.16258,0.009270,0.003721,0.006411
3.700,80.2,170.8,0.007956,0.3846,0.17004,0.009674,0.005909,0.005499,80.2,170.8,0.007392,0.4880,0.19061,0.011391,0.003799,0.004789,80.2,170.8,0.007286,0.3692,0.15451,0.009423,0.003790,0.006557
3.733,80.2,171.2,0.007972,0.3842,0.17113,0.009666,0.005963,0.005452,80.2,171.2,0.007416,0.4873,0.19019,0.011485,0.003880,0.004797,80.2,171.2,0.007312,0.3692,0.15420,0.009532,0.003853,0.006650
3.767,80.8,171.8,0.008054,0.3855,0.16963,0.009956,0.006052,0.005584,80.8,171.8,0.007516,0.4826,0.18345,0.011733,0.003983,0.004914,80.8,171.8,0.007376,0.3612,0.14957,0.009593,0.003982,0.006743
3.800,81.2,172.2,0.008058,0.3874,0.17776,0.009941,0.006097,0.005499,81.2,172.2,0.007540,0.4825,0.18481,0.011835,0.004035,0.004987,81.2,172.2,0.007415,0.3592,0.14961,0.009639,0.004067,0.006841
3.833,81.8,172.2,0.008212,0.3850,0.17006,0.010260,0.006196,0.005747,81.8,172.2,0.007631,0.4781,0.18002,0.011856,0.004146,0.005053,81.2,172.2,0.007480,0.3575,0.14739,0.009671,0.004132,0.006915
3.867,81.8,172.2,0.008236,0.3856,0.17041,0.010260,0.006228,0.005679,81.8,172.2,0.007646,0.4772,0.18025,0.011834,0.004169,0.005099,81.8,172.2,0.007517,0.3564,0.14766,0.009726,0.004163,0.006946
3.900,81.8,172.2,0.008293,0.3876,0.16826,0.010423,0.006254,0.005777,81.8,172.2,0.007714,0.4762,0.18157,0.011840,0.004259,0.005092,81.8,172.2,0.007585,0.3512,0.14760,0.009713,0.004252,0.006961
3.933,81.8,172.2,0.008302,0.3883,0.17722,0.010372,0.006274,0.005688,81.8,172.2,0.007725,0.4749,0.18024,0.011806,0.004284,0.005085,81.8,172.2,0.007598,0.3496,0.14781,0.009694,0.004273,0.006972
3.967,81.8,172.2,0.008434,0.3849,0.17306,0.010642,0.006375,0.005846,81.8,172.2,0.007836,0.4705,0.17732,0.011897,0.004365,0.005152,81.8,172.2,0.007694,0.3432,0.14857,0.009716,0.004369,0.007001
4.000,81.8,171.8,0.008449,0.3851,0.17519,0.010542,0.006368,0.005825,81.8,171.8,0.007855,0.4691,0.17854,0.011672,0.004392,0.005076,81.8,172.2,0.007712,0.3427,0.14812,0.009717,0.004392,0.007014
4.033,81.2,171.2,0.008485,0.3868,0.17194,0.010524,0.006356,0.005864,81.2,171.2,0.007910,0.4666,0.16328,0.011605,0.004420,0.005074,81.8,171.8,0.007778,0.3371,0.14991,0.009687,0.004438,0.007014
4.067,82.2,170.8,0.008543,0.3853,0.14482,0.010466,0.006374,0.005916,82.2,170.8,0.007924,0.4682,0.16646,0.011497,0.004391,0.005130,81.2,171.2,0.007795,0.3358,0.14918,0.009571,0.004424,0.006961
4.100,82.8,170.8,0.008586,0.3842,0.14389,0.010649,0.006350,0.006040,82.8,170.8,0.008043,0.4650,0.16769,0.011538,0.004513,0.005254,82.2,170.8,0.007887,0.3317,0.14786,0.009589,0.004463,0.007008
4.133,82.8,170.8,0.008604,0.3891,0.14568,0.010558,0.006396,0.005892,82.8,170.8,0.008051,0.4640,0.16778,0.011488,0.004538,0.005255,82.8,170.8,0.007915,0.3310,0.14851,0.009595,0.004493,0.007020
4.167,83.8,170.8,0.008619,0.3904,0.14597,0.010638,0.006366,0.005948,83.8,170.8,0.008204,0.4635,0.16950,0.011592,0.004649,0.005411,83.8,170.8,0.008043,0.3274,0.14802,0.009709,0.004601,0.007160
4.200,84.8,171.2,0.008634,0.3935,0.14775,0.010723,0.006396,0.005950,84.8,171.2,0.008276,0.4608,0.16835,0.011730,0.004740,0.005532,84.8,171.2,0.008085,0.3259,0.14919,0.009757,0.004689,0.007243
4.233,86.2,170.8,0.008724,0.3932,0.14648,0.010820,0.006357,0.006043,86.2,170.8,0.008425,0.4625,0.16741,0.011741,0.004811,0.005639,86.2,170.8,0.008233,0.3230,0.14728,0.009837,0.004764,0.007322
4.267,87.2,170.8,0.008733,0.3953,0.14689,0.010814,0.006359,0.006047,87.2,170.8,0.008497,0.4634,0.16633,0.011729,0.004866,0.005772,87.2,170.8,0.008278,0.3203,0.14698,0.009811,0.004806,0.007316
4.300,87.8,171.2,0.008837,0.3925,0.14822,0.011138,0.006461,0.006219,87.8,171.2,0.008572,0.4611,0.16689,0.012108,0.004885,0.005988,87.8,171.2,0.008397,0.3162,0.14623,0.009961,0.004940,0.007426
4.333,88.8,170.8,0.008846,0.3938,0.15062,0.011047,0.006445,0.006209,88.8,170.8,0.008618,0.4608,0.16707,0.012076,0.004874,0.006063,88.8,170.8,0.008423,0.3161,0.14697,0.009941,0.004925,0.007422
4.367,88.8,170.8,0.008991,0.3902,0.14767,0.011328,0.006561,0.006430,88.8,170.8,0.008714,0.4576,0.16666,0.012070,0.004986,0.006119,88.8,170.8,0.008512,0.3192,0.14015,0.010058,0.004981,0.007585
4.400,88.8,170.2,0.009004,0.3908,0.14889,0.011103,0.006579,0.006336,88.8,170.2,0.008737,0.4581,0.16617,0.012010,0.004955,0.006117,88.8,170.8,0.008512,0.3183,0.14139,0.010046,0.004994,0.007626
4.433,88.8,170.2,0.009110,0.3914,0.14857,0.011240,0.006563,0.006486,88.8,170.2,0.008815,0.4559,0.16650,0.011972,0.005037,0.006149,88.8,170.2,0.008506,0.3177,0.13789,0.009964,0.004962,0.007594
4.467,88.2,169.2,0.009110,0.3919,0.14980,0.011000,0.006527,0.006371,88.2,169.2,0.008860,0.4548,0.16684,0.011848,0.005001,0.006131,88.8,170.2,0.008500,0.3175,0.13792,0.009982,0.004951,0.007610
4.500,88.2,170.2,0.009241,0.3912,0.14832,0.011449,0.006585,0.006546,88.2,170.2,0.008956,0.4529,0.16573,0.012096,0.005158,0.006198,88.2,169.2,0.008480,0.3108,0.14197,0.009668,0.004927,0.007417
4.533,88.8,170.2,0.009258,0.3913,0.15008,0.011334,0.006639,0.006471,88.8,170.2,0.008988,0.4523,0.16420,0.012117,0.005157,0.006239,88.2,170.2,0.008478,0.3086,0.14207,0.009750,0.005012,0.007448
4.567,88.8,170.2,0.009382,0.3901,0.14864,0.011625,0.006711,0.006653,88.8,170.2,0.009064,0.4524,0.16557,0.012174,0.005239,0.006243,88.8,170.2,0.008447,0.3126,0.13423,0.009698,0.004996,0.007547
4.600,89.2,170.2,0.009377,0.3910,0.15103,0.011583,0.006722,0.006642,89.2,170.2,0.009121,0.4504,0.16373,0.012234,0.005271,0.006311,89.2,170.1,0.008452,0.3125,0.13431,0.009705,0.004997,0.007548
4.633,89.8,169.8,0.009571,0.3868,0.14937,0.011767,0.006918,0.006723,89.8,169.8,0.009222,0.4504,0.16401,0.012256,0.005323,0.006442,89.8,169.8,0.008458,0.3105,0.13518,0.009617,0.004996,0.007475
4.667,90.2,169.8,0.009563,0.3880,0.15181,0.011799,0.006879,0.006759,90.2,169.8,0.009253,0.4499,0.16316,0.012265,0.005349,0.006490,90.2,169.8,0.008463,0.3103,0.13553,0.009627,0.004998,0.007477
4.700,90.2,169.8,0.009671,0.3859,0.15014,0.011960,0.007017,0.006863,90.2,169.8,0.009358,0.4495,0.16436,0.012324,0.005431,0.006524,90.2,169.8,0.008469,0.3076,0.13488,0.009628,0.005023,0.007456
4.733,90.8,169.2,0.009661,0.3882,0.14918,0.011824,0.006963,0.006811,90.8,169.2,0.009388,0.4484,0.16445,0.012236,0.005410,0.006529,90.8,169.2,0.008469,0.3072,0.13280,0.009544,0.004986,0.007409
4.767,91.2,169.8,0.009701,0.3880,0.14793,0.011973,0.007039,0.006882,91.2,169.8,0.009517,0.4483,0.16744,0.012464,0.005558,0.006673,91.2,169.8,0.008528,0.3052,0.12911,0.009671,0.005072,0.007471
4.800,91.2,168.8,0.009671,0.3892,0.14899,0.011799,0.006954,0.006786,91.2,168.8,0.009547,0.4463,0.16837,0.012362,0.005492,0.006668,91.2,169.8,0.008523,0.3047,0.12909,0.009667,0.005078,0.007468
4.833,139.2,170.8,0.009782,0.3861,0.14923,0.012600,0.008452,0.007134,139.2,170.8,0.012841,0.4530,0.16129,0.013414,0.007691,0.007396,91.2,168.8,0.008486,0.3009,0.12961,0.009435,0.005056,0.007338
4.867,144.8,170.8,0.009761,0.3869,0.15067,0.012413,0.008666,0.007034,144.8,170.8,0.012685,0.4469,0.16085,0.013074,0.007988,0.007256,139.2,170.8,0.010754,0.2830,0.12610,0.011086,0.006415,0.008603
4.900,160.8,172.8,0.009657,0.3863,0.14699,0.012902,0.009154,0.007202,160.8,172.8,0.013535,0.4414,0.15717,0.013603,0.008684,0.007396,144.8,170.8,0.010736,0.2784,0.12536,0.011118,0.006510,0.008644
4.933,161.8,172.2,0.009639,0.3876,0.14883,0.012746,0.009201,0.007139,161.8,172.2,0.012861,0.4403,0.15849,0.013513,0.008648,0.007403,160.8,172.8,0.011384,0.2741,0.11980,0.012020,0.007096,0.009094
4.967,162.8,171.2,0.009647,0.3874,0.14810,0.012726,0.009184,0.007161,162.8,171.2,0.012525,0.4357,0.15839,0.013404,0.008617,0.007425,161.8,172.2,0.011034,0.2732,0.12084,0.012085,0.007112,0.009158
5.000,162.8,171.2,0.009634,0.3879,0.14864,0.012641,0.009191,0.007128,162.8,171.2,0.012208,0.4334,0.16302,0.013251,0.008671,0.007300,162.8,171.2,0.010750,0.2766,0.12130,0.011919,0.006996,0.009133
5.033,162.8,171.8,0.009641,0.3877,0.14565,0.012833,0.009190,0.007218,162.8,171.8,0.011979,0.4318,0.16269,0.013358,0.008681,0.007352,162.8,171.2,0.010517,0.2775,0.12335,0.011919,0.007001,0.009100
5.067,162.2,171.2,0.009632,0.3876,0.16141,0.012570,0.009191,0.007062,162.2,171.2,0.011808,0.4300,0.16185,0.013197,0.008647,0.007270,162.8,171.8,0.010420,0.2727,0.12070,0.011917,0.007090,0.009024
5.100,162.8,170.8,0.009652,0.3875,0.15293,0.012662,0.009171,0.007124,162.8,170.8,0.011657,0.4291,0.15778,0.013170,0.008668,0.007292,162.2,171.2,0.010275,0.2722,0.12042,0.011811,0.007056,0.008995
5.133,163.8,171.2,0.009638,0.3879,0.15625,0.012713,0.009258,0.007170,163.8,171.2,0.011473,0.4267,0.15999,0.013286,0.008729,0.007412,162.8,170.8,0.010133,0.2776,0.12040,0.011872,0.006974,0.009089
5.167,163.8,171.2,0.009647,0.3871,0.15401,0.012767,0.009244,0.007210,163.8,171.2,0.011336,0.4269,0.15922,0.013341,0.008688,0.007383,163.8,171.2,0.010019,0.2758,0.12148,0.011980,0.007049,0.009151
5.200,164.2,170.8,0.009646,0.3877,0.15755,0.012617,0.009295,0.007148,164.2,170.8,0.011205,0.4269,0.15809,0.013260,0.008683,0.007366,164.2,170.8,0.009980,0.2737,0.11942,0.011956,0.007087,0.009161
5.233,163.8,170.8,0.009656,0.3872,0.15387,0.012699,0.009241,0.007183,163.8,170.8,0.011107,0.4235,0.15692,0.013211,0.008669,0.007372,163.8,170.8,0.009873,0.2730,0.12051,0.011930,0.007073,0.009143
5.267,163.2,170.8,0.009654,0.3884,0.16094,0.012557,0.009262,0.007092,163.2,170.8,0.011016,0.4226,0.15680,0.013122,0.008648,0.007297,163.2,170.8,0.009802,0.2710,0.12082,0.011811,0.007070,0.009052
5.300,163.8,170.2,0.009660,0.3877,0.15647,0.012596,0.009254,0.007123,163.8,170.2,0.010956,0.4204,0.16131,0.012968,0.008710,0.007234,163.8,170.2,0.009730,0.2704,0.12106,0.011839,0.007070,0.009074
5.333,164.2,170.2,0.009656,0.3888,0.16195,0.012527,0.009296,0.007080,164.2,170.2,0.010879,0.4201,0.16094,0.012967,0.008723,0.007237,164.2,170.2,0.009678,0.2729,0.12043,0.011820,0.007065,0.009094
5.367,164.8,170.2,0.009651,0.3881,0.15840,0.012623,0.009281,0.007170,164.8,170.2,0.010851,0.4191,0.16513,0.012948,0.008799,0.007223,164.8,170.2,0.009617,0.2729,0.12210,0.011906,0.007094,0.009144
5.400,165.2,170.2,0.009656,0.3888,0.16516,0.012597,0.009339,0.007126,165.2,170.2,0.010814,0.4177,0.16639,0.012934,0.008813,0.007228,165.2,170.2,0.009590,0.2739,0.12145,0.011924,0.007122,0.009174
5.433,165.2,169.2,0.009666,0.3885,0.16086,0.012513,0.009290,0.007099,165.2,169.2,0.010744,0.4184,0.16711,0.012752,0.008801,0.007128,165.2,169.2,0.009536,0.2742,0.12280,0.011819,0.007087,0.009136
5.467,165.8,168.8,0.009666,0.3896,0.16464,0.012399,0.009343,0.007028,165.8,168.8,0.010713,0.4181,0.16779,0.012642,0.008836,0.007086,165.8,168.8,0.009518,0.2743,0.12327,0.011874,0.007124,0.009168
5.500,166.2,168.8,0.009668,0.3882,0.16187,0.012501,0.009317,0.007113,166.2,168.8,0.010668,0.4170,0.16839,0.012676,0.008892,0.007138,165.8,168.8,0.009480,0.2742,0.12292,0.011891,0.007116,0.009166
5.533,166.8,169.2,0.009663,0.3894,0.16565,0.012479,0.009381,0.007113,166.8,169.2,0.010641,0.4157,0.17027,0.012757,0.008910,0.007194,166.2,168.8,0.009457,0.2705,0.12323,0.011778,0.007163,0.009115
5.567,166.8,168.8,0.009668,0.3888,0.16355,0.012519,0.009350,0.007135,166.8,168.8,0.010595,0.4156,0.16873,0.012693,0.008935,0.007174,166.8,169.2,0.009485,0.2603,0.13404,0.011812,0.007347,0.009122
5.600,167.2,168.2,0.009670,0.3899,0.16651,0.012369,0.009368,0.007045,167.2,168.2,0.010579,0.4159,0.17014,0.012630,0.008920,0.007140,166.8,168.8,0.009488,0.2595,0.13418,0.011780,0.007338,0.009101
5.633,167.8,167.8,0.009668,0.3885,0.16233,0.012448,0.009327,0.007103,167.8,167.8,0.010551,0.4163,0.17094,0.012556,0.008962,0.007084,167.2,168.2,0.009436,0.2618,0.13280,0.011734,0.007321,0.009092
5.667,167.8,167.8,0.009673,0.3903,0.16582,0.012328,0.009379,0.007030,167.8,167.8,0.010544,0.4150,0.16995,0.012539,0.008978,0.007099,167.8,167.8,0.009405,0.2614,0.13307,0.011733,0.007330,0.009080
5.700,168.2,167.2,0.009674,0.3907,0.16653,0.012294,0.009362,0.007001,168.2,167.2,0.010528,0.4156,0.17291,0.012425,0.008969,0.007011,167.8,167.8,0.009378,0.2639,0.13062,0.011804,0.007326,0.009157
5.733,168.2,166.8,0.009678,0.3909,0.16696,0.012229,0.009357,0.006955,168.2,166.8,0.010514,0.4157,0.17420,0.012349,0.008981,0.006931,168.2,167.2,0.009365,0.2611,0.13126,0.011754,0.007312,0.009138
5.767,168.2,166.8,0.009681,0.3894,0.16513,0.012308,0.009329,0.006997,168.2,166.8,0.010447,0.4151,0.17408,0.012327,0.008973,0.006934,168.2,166.8,0.009341,0.2622,0.12672,0.011698,0.007309,0.009069
5.800,168.2,166.8,0.009680,0.3904,0.16647,0.012234,0.009362,0.006954,168.2,166.8,0.010411,0.4140,0.17161,0.012370,0.008952,0.006966,168.2,166.8,0.009316,0.2620,0.12714,0.011667,0.007320,0.009082
5.833,168.2,165.8,0.009688,0.3899,0.16450,0.012195,0.009323,0.006909,168.2,165.8,0.010349,0.4156,0.16779,0.012224,0.008940,0.006874,168.2,165.8,0.009268,0.2649,0.13010,0.011601,0.007283,0.009052
5.867,168.2,165.8,0.009684,0.3910,0.16690,0.012115,0.009343,0.006864,168.2,165.8,0.010323,0.4153,0.16615,0.012243,0.008941,0.006859,168.2,165.8,0.009253,0.2640,0.13038,0.011585,0.007296,0.009089
5.900,168.2,165.8,0.009686,0.3899,0.16410,0.012201,0.009305,0.006920,168.2,165.8,0.010316,0.4147,0.17076,0.012187,0.008959,0.006823,168.2,165.8,0.009233,0.2609,0.13125,0.011557,0.007325,0.009026
5.933,168.2,165.8,0.009685,0.3908,0.16649,0.012123,0.009343,0.006863,168.2,165.8,0.010304,0.4137,0.16996,0.012186,0.008956,0.006842,168.2,165.8,0.009214,0.2608,0.13114,0.011561,0.007325,0.009028
5.967,168.8,165.8,0.009677,0.3892,0.16219,0.012300,0.009279,0.006963,168.8,165.8,0.010262,0.4138,0.16686,0.012270,0.008977,0.006857,168.8,165.8,0.009215,0.2561,0.13426,0.011543,0.007403,0.009021
6.000,168.8,165.8,0.009686,0.3913,0.16626,0.012167,0.009345,0.006883,168.8,165.8,0.010234,0.4141,0.16805,0.012175,0.008990,0.006805,168.8,165.8,0.009210,0.2560,0.13408,0.011512,0.007404,0.009020
6.033,168.8,165.8,0.009684,0.3906,0.16232,0.012234,0.009328,0.006943,168.8,165.8,0.010158,0.4117,0.15203,0.012340,0.008914,0.006837,168.8,165.8,0.009193,0.2544,0.13626,0.011535,0.007437,0.009024
6.067,168.8,165.8,0.009653,0.3926,0.17421,0.012146,0.009351,0.006890,168.8,165.8,0.010152,0.4105,0.15194,0.012316,0.008913,0.006796,168.8,165.8,0.009192,0.2547,0.13656,0.011532,0.007444,0.009020
6.100,169.2,165.8,0.009678,0.3913,0.16683,0.012208,0.009330,0.006931,169.2,165.8,0.010156,0.4103,0.15059,0.012235,0.008962,0.006759,169.2,165.8,0.009191,0.2523,0.13787,0.011541,0.007493,0.009031
6.133,169.8,165.2,0.009671,0.3920,0.16802,0.012120,0.009343,0.006881,169.8,165.2,0.010159,0.4106,0.15267,0.012203,0.008961,0.006698,169.8,165.2,0.009189,0.2524,0.13715,0.011541,0.007491,0.009021
6.167,169.8,165.2,0.009682,0.3913,0.16159,0.012196,0.009319,0.006924,169.8,165.2,0.010161,0.4100,0.15246,0.012274,0.008952,0.006757,169.8,165.2,0.009199,0.2513,0.13984,0.011557,0.007531,0.009019
6.200,169.8,164.2,0.009682,0.3925,0.16314,0.012025,0.009300,0.006798,169.8,164.2,0.010165,0.4108,0.15257,0.012162,0.008939,0.006653,169.8,165.2,0.009194,0.2525,0.13999,0.011590,0.007512,0.009047
6.233,169.2,163.8,0.009683,0.3920,0.15975,0.012004,0.009264,0.006782,169.2,163.8,0.010154,0.4114,0.15055,0.011967,0.008996,0.006593,169.8,164.2,0.009190,0.2495,0.13945,0.011459,0.007532,0.008954
6.267,168.8,163.2,0.009682,0.3929,0.16135,0.011826,0.009275,0.006695,168.8,163.2,0.010125,0.4107,0.15470,0.011813,0.008956,0.006512,169.2,163.8,0.009177,0.2492,0.13964,0.011389,0.007502,0.008915
6.300,168.8,163.2,0.009689,0.3919,0.15986,0.011894,0.009249,0.006725,168.8,163.2,0.010106,0.4094,0.15444,0.011708,0.008994,0.006481,168.8,163.2,0.009152,0.2496,0.14067,0.011307,0.007467,0.008864
6.333,168.8,163.2,0.009682,0.3931,0.16245,0.011876,0.009259,0.006706,168.8,163.2,0.010108,0.4085,0.15428,0.011732,0.008981,0.006467,168.8,163.2,0.009154,0.2491,0.14064,0.011320,0.007462,0.008871
6.367,169.2,163.8,0.009691,0.3908,0.16040,0.011994,0.009276,0.006778,169.2,163.8,0.010082,0.4068,0.15215,0.011959,0.008990,0.006591,168.8,163.2,0.009153,0.2494,0.14049,0.011325,0.007490,0.008898
6.400,168.8,163.8,0.009685,0.3923,0.16401,0.011923,0.009296,0.006743,168.8,163.8,0.010075,0.4062,0.15352,0.011918,0.008996,0.006585,169.2,163.8,0.009148,0.2485,0.13920,0.011383,0.007525,0.008932
6.433,168.8,163.8,0.009694,0.3919,0.16291,0.011962,0.009296,0.006751,168.8,163.8,0.010027,0.4069,0.15388,0.011939,0.009012,0.006563,168.8,163.8,0.009126,0.2501,0.13858,0.011379,0.007520,0.008960
6.467,168.8,164.2,0.009682,0.3920,0.16440,0.011960,0.009311,0.006761,168.8,164.2,0.010027,0.4059,0.15401,0.011946,0.009026,0.006621,168.8,163.8,0.009126,0.2503,0.13874,0.011384,0.007521,0.008969
6.500,166.8,164.8,0.009695,0.3912,0.16366,0.011951,0.009286,0.006778,166.8,164.8,0.009948,0.4066,0.15440,0.011974,0.008947,0.006673,168.8,164.2,0.009124,0.2476,0.13860,0.011431,0.007580,0.009001
6.533,166.8,164.8,0.009689,0.3924,0.16568,0.011917,0.009297,0.006732,166.8,164.8,0.009949,0.4065,0.15484,0.012012,0.008976,0.006690,166.8,164.8,0.009084,0.2440,0.14290,0.011251,0.007554,0.008892
6.567,165.8,166.2,0.009689,0.3902,0.16437,0.012083,0.009285,0.006850,165.8,166.2,0.009939,0.4064,0.15777,0.012196,0.008949,0.006785,165.8,166.2,0.009043,0.2460,0.14270,0.011466,0.007597,0.009093
6.600,164.2,167.2,0.009673,0.3908,0.16651,0.012091,0.009226,0.006849,164.2,167.2,0.009928,0.4078,0.15888,0.012260,0.008906,0.006850,164.2,167.2,0.009024,0.2467,0.14160,0.011372,0.007527,0.009005
6.633,162.8,167.8,0.009684,0.3896,0.16355,0.012160,0.009147,0.006895,162.8,167.8,0.009948,0.4126,0.15928,0.012295,0.008839,0.006867,162.8,167.8,0.009076,0.2491,0.14075,0.011499,0.007553,0.009148
6.667,160.8,168.2,0.009689,0.3906,0.16697,0.012034,0.009069,0.006815,160.8,168.2,0.009991,0.4154,0.15856,0.012271,0.008754,0.006840,160.8,168.2,0.009069,0.2486,0.14140,0.011251,0.007439,0.008972
6.700,159.8,169.8,0.009689,0.3891,0.16084,0.012350,0.009034,0.006968,159.8,169.8,0.010041,0.4166,0.16019,0.012602,0.008836,0.006981,159.8,169.8,0.009090,0.2558,0.13546,0.011554,0.007521,0.009151
6.733,158.2,170.2,0.009689,0.3892,0.16392,0.012289,0.009029,0.006903,158.2,170.2,0.010096,0.4182,0.16014,0.012744,0.008802,0.007029,158.2,170.2,0.009094,0.2561,0.13553,0.011525,0.007488,0.009095
6.767,156.8,171.8,0.009701,0.3880,0.15863,0.012657,0.009029,0.007049,156.8,171.8,0.010134,0.4199,0.16310,0.013164,0.008884,0.007103,156.8,171.8,0.009135,0.2565,0.13598,0.011747,0.007619,0.009211
6.800,156.8,171.8,0.009692,0.3889,0.16176,0.012614,0.009052,0.007003,156.8,171.8,0.010133,0.4198,0.16312,0.013161,0.008899,0.007118,156.8,171.8,0.009134,0.2554,0.13508,0.011733,0.007636,0.009198
6.833,156.8,171.2,0.009705,0.3887,0.16106,0.012548,0.009006,0.007016,156.8,171.2,0.010112,0.4195,0.16259,0.012962,0.008875,0.007070,156.8,171.2,0.009120,0.2581,0.13491,0.011687,0.007567,0.009193
6.867,156.2,171.2,0.009707,0.3888,0.16506,0.012475,0.009020,0.006950,156.2,171.2,0.010104,0.4192,0.16223,0.012986,0.008847,0.007066,156.2,171.2,0.009120,0.2588,0.13330,0.011664,0.007559,0.009186
6.900,156.2,171.8,0.009710,0.3885,0.15861,0.012720,0.009016,0.007046,156.2,171.8,0.010088,0.4185,0.16302,0.013047,0.008900,0.007096,156.2,171.8,0.009124,0.2513,0.13718,0.011672,0.007650,0.009110
6.933,156.2,171.2,0.009693,0.3892,0.16298,0.012506,0.008988,0.006967,156.2,171.2,0.010074,0.4186,0.16368,0.012905,0.008853,0.007070,156.2,171.2,0.009110,0.2525,0.13755,0.011575,0.007614,0.009080
6.967,156.2,171.2,0.009710,0.3882,0.16019,0.012540,0.009009,0.007005,156.2,171.2,0.010044,0.4168,0.16307,0.012874,0.008854,0.007050,156.2,171.2,0.009106,0.2502,0.13983,0.011559,0.007637,0.009027
7.000,156.2,170.8,0.009704,0.3895,0.16624,0.012381,0.008998,0.006921,156.2,170.8,0.010017,0.4175,0.16593,0.012614,0.008853,0.006925,156.2,171.2,0.009087,0.2506,0.14110,0.011534,0.007626,0.009004
7.033,156.8,170.8,0.009703,0.3890,0.16052,0.012471,0.008989,0.006980,156.8,170.8,0.009989,0.4157,0.17038,0.012628,0.008859,0.006965,156.2,170.8,0.009066,0.2506,0.14101,0.011469,0.007597,0.008961
7.067,156.8,170.8,0.009695,0.3834,0.14229,0.012251,0.009044,0.007010,156.8,170.8,0.009980,0.4158,0.17093,0.012625,0.008852,0.006952,156.8,170.8,0.009058,0.2488,0.14073,0.011473,0.007615,0.008992
7.100,157.2,171.2,0.009707,0.3874,0.14237,0.012451,0.009078,0.006973,157.2,171.2,0.009958,0.4147,0.16720,0.012769,0.008867,0.006993,156.8,170.8,0.009046,0.2481,0.14064,0.011463,0.007629,0.008993
7.133,157.8,170.8,0.009683,0.3868,0.14317,0.012507,0.008964,0.007034,157.8,170.8,0.009941,0.4146,0.16697,0.012642,0.008871,0.006971,157.2,171.2,0.009044,0.2501,0.13946,0.011571,0.007643,0.009053
7.167,158.2,170.2,0.009692,0.3882,0.14233,0.012308,0.009036,0.006929,158.2,170.2,0.009928,0.4108,0.16380,0.012600,0.008836,0.006978,157.8,170.8,0.009030,0.2478,0.14092,0.011492,0.007658,0.009017
7.200,158.2,170.2,0.009697,0.3876,0.14247,0.012128,0.009107,0.006872,158.2,170.2,0.009922,0.4102,0.16331,0.012526,0.008857,0.006972,158.2,170.2,0.009016,0.2483,0.13936,0.011439,0.007618,0.008989
7.233,158.8,170.2,0.009698,0.3869,0.14340,0.012264,0.009090,0.006958,158.8,170.2,0.009881,0.4085,0.16336,0.012583,0.008846,0.006986,158.8,170.2,0.009000,0.2470,0.14082,0.011460,0.007647,0.009015
7.267,159.2,170.2,0.009676,0.3870,0.14298,0.012447,0.008993,0.007009,159.2,170.2,0.009888,0.4084,0.16228,0.012582,0.008871,0.006981,159.2,170.2,0.008989,0.2471,0.14066,0.011468,0.007658,0.009027
7.300,159.8,170.2,0.009679,0.3873,0.14547,0.012501,0.009008,0.007044,159.8,170.2,0.009864,0.4074,0.16460,0.012520,0.008894,0.006924,159.8,170.2,0.008988,0.2445,0.14083,0.011502,0.007709,0.009015
7.333,159.8,170.2,0.009673,0.3869,0.14617,0.012447,0.009019,0.007026,159.8,170.2,0.009853,0.4078,0.16503,0.012474,0.008888,0.006927,159.8,170.2,0.008987,0.2442,0.14144,0.011491,0.007716,0.009033
7.367,160.2,169.8,0.009684,0.3869,0.14307,0.012433,0.009016,0.007024,160.2,169.8,0.009855,0.4068,0.16622,0.012363,0.008923,0.006868,159.8,170.2,0.008986,0.2439,0.14034,0.011503,0.007735,0.009047
7.400,160.2,169.2,0.009677,0.3873,0.14478,0.012263,0.009005,0.006939,160.2,169.2,0.009852,0.4061,0.16650,0.012279,0.008900,0.006848,160.2,169.8,0.008969,0.2472,0.14039,0.011516,0.007678,0.009075
7.433,160.8,169.8,0.009679,0.3868,0.14291,0.012440,0.009034,0.007033,160.8,169.8,0.009842,0.4049,0.16775,0.012399,0.008969,0.006917,160.2,169.2,0.008944,0.2500,0.13327,0.011490,0.007615,0.009142
7.467,160.8,169.8,0.009668,0.3882,0.14379,0.012356,0.009045,0.006984,160.8,169.8,0.009837,0.4054,0.16800,0.012357,0.008983,0.006893,160.8,169.8,0.008943,0.2492,0.13426,0.011603,0.007684,0.009182
7.500,160.8,169.2,0.009676,0.3872,0.14398,0.012326,0.009005,0.006994,160.8,169.2,0.009839,0.4047,0.16867,0.012287,0.008969,0.006874,160.8,169.2,0.008921,0.2513,0.13497,0.011514,0.007627,0.009159
7.533,161.2,169.8,0.009669,0.3875,0.14411,0.012357,0.009080,0.006976,161.2,169.8,0.009832,0.4038,0.16864,0.012407,0.009007,0.006932,161.2,169.8,0.008930,0.2412,0.14039,0.011464,0.007754,0.009036
7.567,161.8,169.8,0.009665,0.3864,0.14355,0.012470,0.009069,0.007046,161.8,169.8,0.009818,0.4041,0.16922,0.012404,0.009050,0.006932,161.8,169.8,0.008867,0.2439,0.12124,0.011442,0.007659,0.009212
7.600,161.2,169.2,0.009667,0.3877,0.14483,0.012310,0.009035,0.006924,161.2,169.2,0.009823,0.4041,0.16957,0.012261,0.008990,0.006858,161.8,169.8,0.008867,0.2439,0.12206,0.011442,0.007659,0.009212
7.633,161.8,169.2,0.009669,0.3869,0.14503,0.012374,0.009059,0.006995,161.8,169.2,0.009816,0.4029,0.16791,0.012279,0.009017,0.006891,161.2,169.2,0.008874,0.2433,0.12203,0.011342,0.007606,0.009152
7.667,161.8,168.8,0.009669,0.3881,0.14432,0.012241,0.009072,0.006922,161.8,168.8,0.009819,0.4028,0.16829,0.012204,0.009007,0.006849,161.8,169.2,0.008872,0.2434,0.11737,0.011391,0.007637,0.009179
7.700,162.2,168.8,0.009673,0.3881,0.14477,0.012322,0.009080,0.006941,162.2,168.8,0.009808,0.4021,0.16735,0.012306,0.009032,0.006903,161.8,168.8,0.008870,0.2444,0.12115,0.011390,0.007621,0.009167
7.733,162.2,168.8,0.009675,0.3886,0.14954,0.012231,0.009128,0.006890,162.2,168.8,0.009806,0.4020,0.16795,0.012302,0.009035,0.006902,162.2,168.8,0.008869,0.2444,0.12261,0.011420,0.007642,0.009187
7.767,162.2,168.8,0.009671,0.3877,0.14805,0.012250,0.009107,0.006934,162.2,168.8,0.009800,0.4021,0.16876,0.012248,0.009059,0.006876,162.2,168.8,0.008877,0.2442,0.12140,0.011425,0.007668,0.009212
7.800,162.8,168.2,0.009675,0.3883,0.15284,0.012173,0.009154,0.006860,162.8,168.2,0.009799,0.4030,0.16968,0.012175,0.009080,0.006840,162.8,168.2,0.008878,0.2441,0.11861,0.011426,0.007680,0.009216
7.833,162.2,168.2,0.009677,0.3880,0.14897,0.012227,0.009065,0.006904,162.2,168.2,0.009791,0.4026,0.16884,0.012101,0.009034,0.006801,162.2,168.2,0.008885,0.2438,0.11906,0.011425,0.007669,0.009214
7.867,161.8,167.8,0.009685,0.3880,0.15615,0.012005,0.009094,0.006818,161.8,167.8,0.009792,0.4025,0.16907,0.011995,0.008996,0.006762,161.8,167.8,0.008888,0.2437,0.12145,0.011359,0.007637,0.009174
7.900,162.8,168.2,0.009676,0.3877,0.15163,0.012270,0.009108,0.006926,162.8,168.2,0.009780,0.4022,0.16923,0.012150,0.009077,0.006845,161.8,167.8,0.008920,0.2498,0.12345,0.011540,0.007663,0.009375
7.933,162.8,168.2,0.009679,0.3886,0.15736,0.012156,0.009164,0.006871,162.8,168.2,0.009779,0.4017,0.16888,0.012157,0.009071,0.006828,162.8,168.2,0.008913,0.2488,0.12264,0.011662,0.007747,0.009452
7.967,162.8,168.8,0.009667,0.3875,0.15086,0.012310,0.009126,0.006979,162.8,168.8,0.009778,0.4009,0.16750,0.012268,0.009091,0.006882,162.8,168.2,0.008860,0.2547,0.12570,0.011650,0.007684,0.009429
8.000,162.8,168.2,0.009681,0.3885,0.15693,0.012156,0.009162,0.006876,162.8,168.2,0.009775,0.4020,0.16986,0.012090,0.009099,0.006783,162.8,168.8,0.008859,0.2540,0.12629,0.011701,0.007712,0.009440
8.033,162.8,168.2,0.009672,0.3878,0.15178,0.012250,0.009103,0.006933,162.8,168.2,0.009730,0.4020,0.17257,0.012070,0.009096,0.006789,162.8,168.2,0.008893,0.2486,0.12381,0.011666,0.007790,0.009422
8.067,162.8,168.8,0.009641,0.3905,0.17288,0.012200,0.009197,0.006924,162.8,168.8,0.009726,0.4017,0.17281,0.012153,0.009108,0.006834,162.8,168.2,0.008893,0.2469,0.12444,0.011639,0.007803,0.009392
8.100,279.2,164.8,0.009717,0.3864,0.11190,0.021329,0.014426,0.013341,279.2,164.8,0.011511,0.3949,0.10302,0.031331,0.021813,0.021206,162.8,168.8,0.008862,0.2521,0.12411,0.011742,0.007746,0.009463
8.133,280.8,164.2,0.009708,0.3868,0.11381,0.021422,0.014518,0.013395,280.8,164.2,0.010865,0.3926,0.10693,0.031215,0.021609,0.020985,279.1,164.8,0.010306,0.2461,0.05918,0.029668,0.021649,0.020220
8.167,281.2,164.2,0.009721,0.3864,0.10750,0.021551,0.014474,0.013486,281.2,164.2,0.010722,0.3902,0.10252,0.031456,0.021228,0.021044,280.8,164.3,0.009854,0.2380,0.06191,0.029027,0.021481,0.019744
8.200,281.2,164.2,0.009705,0.3865,0.10985,0.021496,0.014496,0.013446,281.2,164.2,0.010557,0.3914,0.10244,0.030775,0.020864,0.020454,281.2,164.2,0.009817,0.2469,0.05756,0.028933,0.021066,0.019853
8.233,281.2,164.2,0.009721,0.3858,0.10916,0.021544,0.014491,0.013450,281.2,164.2,0.010508,0.3903,0.10165,0.030280,0.020565,0.020034,281.2,164.2,0.009718,0.2474,0.05807,0.028284,0.020531,0.019395
8.267,282.2,164.8,0.009711,0.3866,0.11211,0.021569,0.014609,0.013485,282.2,164.8,0.010412,0.3911,0.10387,0.029849,0.020421,0.019700,282.2,164.8,0.009644,0.2422,0.05702,0.028053,0.020508,0.019328
8.300,282.2,164.8,0.009724,0.3864,0.11327,0.021593,0.014594,0.013510,282.2,164.8,0.010350,0.3882,0.10221,0.029651,0.020155,0.019496,282.2,164.8,0.009612,0.2409,0.05688,0.027761,0.020343,0.019225
8.333,284.9,164.8,0.009714,0.3873,0.11486,0.021786,0.014793,0.013651,284.9,164.8,0.010307,0.3877,0.10128,0.030207,0.020955,0.019898,284.9,164.8,0.009534,0.2379,0.05679,0.028512,0.021036,0.019486
8.367,284.3,164.2,0.009713,0.3871,0.11525,0.021735,0.014722,0.013615,284.3,164.2,0.010243,0.3860,0.09839,0.029881,0.020512,0.019599,284.3,164.2,0.009522,0.2377,0.05657,0.027726,0.020260,0.019123
8.400,552.4,187.8,0.009715,0.3874,0.11535,0.501077,0.324778,0.269826,552.1,187.9,0.009804,0.3876,0.09960,0.941119,0.938784,0.871114,284.3,164.2,0.009330,0.2437,0.05731,0.027664,0.020076,0.019016
8.433,551.4,189.3,0.009704,0.3850,0.11416,0.503108,0.322741,0.267709,551.2,189.2,0.009746,0.3868,0.09826,0.914636,0.900238,0.797067,552.3,187.7,0.009046,0.2435,0.05794,0.943259,0.926067,0.800938
8.467,551.4,189.3,0.009682,0.3844,0.11963,0.499373,0.319461,0.264582,551.2,189.1,0.009646,0.3848,0.10105,0.897046,0.867407,0.743936,551.2,189.2,0.009032,0.2435,0.05825,0.912572,0.887865,0.739160
8.500,550.4,189.2,0.009508,0.3866,0.12046,0.504178,0.317412,0.262301,550.2,189.2,0.009520,0.3873,0.09844,0.872081,0.834469,0.692226,550.2,189.1,0.008837,0.2430,0.05741,0.885431,0.853070,0.692024
8.533,550.4,189.9,0.009469,0.3869,0.12179,0.497797,0.312453,0.258065,550.2,189.8,0.009313,0.3910,0.09717,0.846496,0.801373,0.648676,550.2,189.8,0.008701,0.2383,0.05879,0.861305,0.818076,0.649626
8.567,549.9,190.2,0.009253,0.3880,0.11656,0.499757,0.310410,0.256933,549.8,190.2,0.009226,0.3921,0.09485,0.812039,0.774510,0.610645,549.9,190.2,0.008592,0.2353,0.05269,0.830981,0.789025,0.613819
8.600,546.2,190.2,0.009205,0.3872,0.11903,0.517956,0.306792,0.251991,546.2,190.2,0.009102,0.3932,0.09817,0.780345,0.747510,0.574815,546.2,190.2,0.008531,0.2337,0.05247,0.794586,0.760073,0.578697
8.633,542.8,191.2,0.009091,0.3859,0.12206,0.534713,0.302449,0.250468,542.8,191.2,0.009024,0.3931,0.09663,0.754273,0.715377,0.540276,546.2,190.2,0.008395,0.2471,0.05163,0.772608,0.737955,0.551327
8.667,538.8,192.2,0.009037,0.3864,0.12404,0.535068,0.295975,0.252313,538.8,192.2,0.008876,0.3956,0.09766,0.723017,0.682832,0.518352,542.8,191.2,0.008283,0.2381,0.05499,0.747415,0.707432,0.520131
8.700,536.8,192.2,0.008811,0.3904,0.10622,0.526368,0.291228,0.251186,536.8,192.2,0.008788,0.3928,0.09427,0.699641,0.656147,0.497856,538.8,192.2,0.008189,0.2393,0.05141,0.719122,0.674436,0.502526
8.733,533.8,193.2,0.008727,0.3910,0.10829,0.505030,0.283579,0.253025,533.8,193.2,0.008685,0.3919,0.09258,0.660490,0.620354,0.480643,536.8,192.2,0.008068,0.2382,0.05305,0.694112,0.646951,0.482106
8.767,533.8,193.8,0.008616,0.3860,0.10795,0.503034,0.280390,0.252384,533.8,193.8,0.008617,0.3885,0.09129,0.652586,0.597909,0.468338,533.8,193.2,0.008018,0.2406,0.05065,0.658950,0.611122,0.469623
8.800,533.2,194.8,0.008583,0.3865,0.11309,0.492839,0.275158,0.249853,533.2,194.8,0.008545,0.3896,0.09164,0.635623,0.574216,0.453455,533.8,193.8,0.007946,0.2382,0.05158,0.647398,0.589411,0.455152
8.833,533.2,195.8,0.008481,0.3878,0.10148,0.488523,0.270444,0.248593,533.2,195.8,0.008466,0.3892,0.09086,0.627689,0.552847,0.441840,533.2,194.8,0.007896,0.2404,0.05192,0.634950,0.566017,0.444860
8.867,536.2,196.2,0.008451,0.3877,0.10551,0.498500,0.268861,0.246605,536.2,196.2,0.008412,0.3878,0.09404,0.637186,0.534536,0.430568,533.2,195.8,0.007790,0.2381,0.05367,0.624453,0.544473,0.432200
8.900,538.2,196.8,0.008230,0.3856,0.09768,0.498086,0.265649,0.245243,538.2,196.8,0.008243,0.3866,0.09148,0.632112,0.513809,0.417959,536.2,196.2,0.007669,0.2404,0.05315,0.635426,0.524750,0.421431
8.933,540.8,197.2,0.008151,0.3849,0.10466,0.485733,0.262182,0.240537,540.8,197.2,0.008181,0.3839,0.09418,0.615968,0.493428,0.402194,538.2,196.8,0.007614,0.2359,0.05295,0.628789,0.504384,0.408100
8.967,543.2,197.8,0.008091,0.3837,0.10922,0.468233,0.259598,0.237832,543.2,197.8,0.008054,0.3850,0.09396,0.593274,0.475995,0.388674,540.8,197.2,0.007481,0.2451,0.05094,0.614314,0.484024,0.394999
9.000,546.4,197.8,0.008095,0.3828,0.11613,0.447156,0.261089,0.235245,546.4,197.8,0.008040,0.3841,0.09392,0.564552,0.464622,0.374602,543.2,197.8,0.007425,0.2472,0.05204,0.589384,0.467420,0.380239
9.033,546.4,198.2,0.008083,0.3833,0.11266,0.447076,0.260691,0.236844,546.4,198.2,0.008063,0.3833,0.11434,0.564839,0.457145,0.374511,546.4,197.8,0.007447,0.2456,0.05049,0.565162,0.462046,0.370671
9.067,545.8,197.8,0.008059,0.3841,0.08934,0.453378,0.263027,0.237346,545.8,197.8,0.008067,0.3830,0.11482,0.565296,0.450268,0.369048,546.4,198.2,0.007450,0.2425,0.05278,0.561735,0.454955,0.367859
9.100,545.8,197.2,0.008070,0.3869,0.08971,0.456502,0.263620,0.236534,545.8,197.2,0.008073,0.3833,0.10871,0.564490,0.447472,0.362084,545.8,197.8,0.007491,0.2439,0.05218,0.567571,0.449447,0.366746
9.133,546.3,197.2,0.008063,0.3869,0.09060,0.452590,0.263949,0.235819,546.4,197.2,0.008073,0.3839,0.10870,0.557250,0.438707,0.357514,545.8,197.2,0.007512,0.2380,0.05643,0.565139,0.445181,0.359725
9.167,546.3,197.2,0.008065,0.3867,0.08940,0.452343,0.263829,0.235721,546.4,197.2,0.008036,0.3841,0.10373,0.553534,0.426124,0.351389,546.4,197.2,0.007469,0.2436,0.05726,0.553387,0.430275,0.349622
9.200,546.9,197.2,0.008040,0.3838,0.08993,0.446710,0.262361,0.233966,546.9,197.2,0.008027,0.3845,0.10336,0.543951,0.416273,0.343361,546.4,197.2,0.007477,0.2370,0.06341,0.551103,0.424539,0.346500
9.233,546.2,196.8,0.008051,0.3862,0.08934,0.451883,0.262509,0.233713,546.4,196.8,0.008021,0.3847,0.10081,0.545056,0.410198,0.338846,546.9,197.2,0.007450,0.2435,0.06038,0.541727,0.413312,0.338760
9.267,545.8,196.8,0.007993,0.3851,0.08813,0.454480,0.261019,0.233560,545.8,196.8,0.008020,0.3839,0.10090,0.546518,0.402043,0.335069,545.8,196.8,0.007449,0.2373,0.06710,0.547868,0.406359,0.335276
9.300,545.8,196.8,0.007973,0.3851,0.08796,0.452842,0.259961,0.232925,545.8,196.8,0.008003,0.3842,0.09891,0.541449,0.393841,0.329763,545.8,196.8,0.007427,0.2434,0.06219,0.544932,0.398327,0.331312
9.333,546.9,196.2,0.007960,0.3858,0.08908,0.447883,0.261225,0.230740,546.9,196.2,0.007998,0.3843,0.09778,0.533121,0.390676,0.322880,546.9,196.2,0.007432,0.2366,0.06842,0.535554,0.395363,0.324265
9.367,546.9,196.2,0.007978,0.3855,0.08854,0.449697,0.261853,0.231987,546.9,196.2,0.008005,0.3841,0.09828,0.533353,0.388712,0.322607,546.9,196.2,0.007422,0.2452,0.06389,0.533942,0.389302,0.321574
9.400,545.8,196.8,0.007990,0.3857,0.08709,0.454120,0.261306,0.233401,545.8,196.8,0.008007,0.3843,0.09965,0.536603,0.380482,0.322775,546.9,196.2,0.007445,0.2350,0.07230,0.533591,0.388422,0.321206
9.433,546.3,197.2,0.007986,0.3854,0.08739,0.449197,0.260158,0.234016,546.4,197.2,0.008008,0.3852,0.10225,0.528556,0.373478,0.319427,545.8,196.8,0.007428,0.2467,0.06710,0.538541,0.379838,0.323014
9.467,545.8,197.2,0.007984,0.3863,0.08855,0.452053,0.260130,0.233680,545.8,197.2,0.008008,0.3848,0.10252,0.530966,0.369486,0.318548,545.8,197.2,0.007442,0.2356,0.07357,0.532474,0.372418,0.318920
9.500,546.4,197.2,0.008011,0.3840,0.08697,0.452411,0.262100,0.236452,546.4,197.2,0.008031,0.3843,0.10719,0.527999,0.370401,0.318609,546.4,197.2,0.007438,0.2471,0.06865,0.529219,0.371040,0.318939
9.533,546.8,197.8,0.008044,0.3859,0.08871,0.447430,0.263425,0.237015,546.9,197.8,0.008040,0.3845,0.10762,0.522523,0.369534,0.319522,546.9,197.8,0.007459,0.2345,0.07319,0.522508,0.370404,0.318247
9.567,546.9,197.2,0.008094,0.3843,0.08855,0.453464,0.265215,0.238931,546.9,197.2,0.008073,0.3846,0.11039,0.524253,0.369926,0.317343,546.9,197.2,0.007539,0.2351,0.07792,0.523495,0.370648,0.315525
9.600,546.4,198.2,0.008099,0.3866,0.08993,0.452702,0.265140,0.240649,546.4,198.2,0.008089,0.3845,0.11014,0.526151,0.366525,0.321455,546.4,198.1,0.007538,0.2347,0.07782,0.525811,0.367460,0.319895
9.633,546.4,198.8,0.008121,0.3844,0.09100,0.450831,0.264160,0.242348,546.4,198.8,0.008113,0.3861,0.11103,0.522228,0.361691,0.321015,546.4,198.8,0.007544,0.2339,0.07679,0.522222,0.362607,0.321124
9.667,546.9,198.2,0.008140,0.3862,0.09331,0.450120,0.265790,0.240527,546.9,198.2,0.008126,0.3855,0.11226,0.519452,0.361440,0.317169,546.9,198.2,0.007547,0.2340,0.07774,0.518246,0.361841,0.316104
9.700,547.4,198.2,0.008209,0.3846,0.09398,0.451318,0.268328,0.243361,547.4,198.2,0.008202,0.3869,0.11052,0.515583,0.363333,0.317047,547.4,197.8,0.007590,0.2387,0.07126,0.515562,0.363684,0.314271
9.733,546.9,198.2,0.008228,0.3873,0.09969,0.454538,0.269101,0.243527,546.9,198.2,0.008216,0.3873,0.11154,0.520310,0.361258,0.317881,547.4,198.2,0.007611,0.2389,0.07094,0.515614,0.363015,0.316043
9.767,546.8,198.8,0.008281,0.3876,0.09783,0.454876,0.268872,0.246059,546.9,198.8,0.008256,0.3885,0.11249,0.519052,0.360044,0.319400,546.9,198.2,0.007660,0.2417,0.06484,0.520207,0.361428,0.317457
9.800,546.4,199.8,0.008273,0.3894,0.10445,0.452563,0.268043,0.247256,546.4,199.8,0.008236,0.3869,0.11089,0.518850,0.355132,0.321445,546.9,198.8,0.007687,0.2415,0.06575,0.519444,0.361002,0.319265
9.833,546.9,199.8,0.008306,0.3875,0.09875,0.452879,0.269740,0.249097,546.9,199.8,0.008313,0.3874,0.11374,0.515491,0.355295,0.320807,546.4,199.8,0.007694,0.2444,0.06571,0.519261,0.355179,0.321236
9.867,547.4,199.8,0.008319,0.3890,0.10911,0.449261,0.271114,0.248171,547.4,199.8,0.008333,0.3884,0.11380,0.510490,0.355788,0.319091,546.9,199.8,0.007716,0.2455,0.06593,0.515680,0.355008,0.320037
9.900,546.3,200.2,0.008417,0.3866,0.10279,0.459360,0.272100,0.253358,546.3,200.2,0.008422,0.3856,0.10967,0.519697,0.354671,0.323473,547.4,199.8,0.007806,0.2435,0.06999,0.510234,0.356019,0.318024
9.933,546.3,200.2,0.008432,0.3882,0.11270,0.459568,0.273285,0.253035,546.3,200.2,0.008440,0.3883,0.11071,0.520398,0.355331,0.323847,546.3,200.2,0.007835,0.2430,0.06929,0.519483,0.355147,0.323111
9.967,546.4,199.8,0.008482,0.3856,0.10625,0.463149,0.273889,0.254410,546.4,199.8,0.008486,0.3849,0.11043,0.521455,0.354182,0.323385,546.3,200.2,0.007878,0.2394,0.07475,0.520757,0.356027,0.323618
10.000,546.4,199.8,0.008490,0.3876,0.11644,0.462049,0.274574,0.253530,546.4,199.8,0.008480,0.3875,0.12037,0.519313,0.352811,0.320826,546.4,199.8,0.007885,0.2396,0.07587,0.520368,0.354402,0.321579
10.033,545.8,199.2,0.008502,0.3851,0.10714,0.468887,0.274041,0.253877,545.8,199.2,0.008557,0.3854,0.12379,0.523380,0.350713,0.318608,545.8,199.2,0.007876,0.2412,0.07680,0.522765,0.349906,0.317718
10.067,546.4,198.8,0.008463,0.3869,0.12186,0.462511,0.273557,0.249809,546.4,198.8,0.008557,0.3855,0.12355,0.515342,0.341853,0.309446,546.4,198.8,0.007880,0.2381,0.07753,0.517309,0.346190,0.312097
10.100,546.4,198.8,0.008467,0.3864,0.11392,0.462725,0.272778,0.250018,546.4,198.8,0.008550,0.3842,0.11800,0.510048,0.337091,0.304923,546.4,198.8,0.007855,0.2347,0.07871,0.511786,0.337964,0.305472
10.133,546.4,198.2,0.008436,0.3872,0.11748,0.458597,0.269607,0.244194,546.4,198.1,0.008498,0.3838,0.11647,0.508204,0.330249,0.297688,546.4,198.2,0.007823,0.2334,0.08096,0.510852,0.333989,0.300352
10.167,546.9,198.2,0.008380,0.3849,0.10599,0.454545,0.269150,0.243413,546.9,198.2,0.008399,0.3840,0.11306,0.502019,0.324376,0.293312,546.9,198.2,0.007775,0.2323,0.08280,0.502838,0.327496,0.293933
10.200,546.4,198.2,0.008387,0.3852,0.10929,0.458320,0.269318,0.244278,546.4,198.1,0.008428,0.3836,0.11198,0.506849,0.324507,0.295798,546.4,198.2,0.007775,0.2328,0.08243,0.505987,0.326177,0.294000
10.233,546.9,198.2,0.008384,0.3844,0.10525,0.456011,0.269472,0.244490,546.9,198.2,0.008426,0.3850,0.11134,0.502215,0.325687,0.293560,546.9,198.2,0.007780,0.2338,0.08196,0.502515,0.326418,0.293069
10.267,546.4,199.2,0.008382,0.3851,0.10918,0.454785,0.268906,0.246123,546.4,199.2,0.008420,0.3855,0.11112,0.500642,0.322477,0.296487,546.4,199.2,0.007781,0.2335,0.08233,0.500753,0.322998,0.296291
10.300,546.4,199.2,0.008430,0.3859,0.10836,0.458327,0.270874,0.248473,546.4,199.2,0.008467,0.3859,0.10717,0.502173,0.323279,0.297955,546.4,199.2,0.007794,0.2362,0.08104,0.502017,0.323071,0.296993
10.333,545.8,200.2,0.008439,0.3868,0.11334,0.459251,0.270235,0.251494,545.8,200.2,0.008510,0.3855,0.10693,0.505406,0.324814,0.304160,546.4,199.8,0.007811,0.2385,0.08033,0.502209,0.324302,0.300596
10.367,544.8,200.8,0.008471,0.3866,0.11313,0.465379,0.269968,0.255744,544.8,200.8,0.008521,0.3854,0.10295,0.513434,0.325149,0.310970,545.8,200.2,0.007841,0.2350,0.07897,0.505565,0.324659,0.303852
10.400,544.8,200.8,0.008466,0.3865,0.11582,0.464769,0.270280,0.255357,544.8,200.8,0.008521,0.3849,0.10324,0.512859,0.324295,0.310241,544.8,200.8,0.007846,0.2358,0.07925,0.513140,0.325641,0.310267
10.433,544.2,200.8,0.008459,0.3855,0.11356,0.468346,0.269158,0.255382,544.2,200.8,0.008500,0.3858,0.10306,0.514539,0.319813,0.308220,544.8,200.8,0.007835,0.2412,0.07757,0.513285,0.325096,0.309958
10.467,544.8,201.2,0.008423,0.3854,0.11685,0.458623,0.266508,0.252675,544.8,201.2,0.008454,0.3861,0.10543,0.504418,0.314464,0.303327,544.2,200.8,0.007808,0.2359,0.08124,0.512065,0.316928,0.304387
10.500,545.2,200.8,0.008411,0.3836,0.11473,0.457892,0.267240,0.250795,545.2,200.8,0.008439,0.3838,0.10824,0.499642,0.311000,0.295814,544.8,201.2,0.007788,0.2340,0.08070,0.504742,0.315112,0.303321
10.533,544.8,200.8,0.008415,0.3856,0.11712,0.459989,0.267057,0.251816,544.8,200.8,0.008446,0.3856,0.10996,0.503066,0.311500,0.298699,545.2,200.8,0.007764,0.2318,0.08257,0.498703,0.310033,0.294454
10.567,544.8,200.2,0.008443,0.3857,0.11362,0.465822,0.269309,0.253075,544.8,200.2,0.008467,0.3853,0.11544,0.505719,0.311991,0.296965,544.8,200.8,0.007654,0.2554,0.05742,0.504275,0.311214,0.299777
10.600,544.8,200.2,0.008448,0.3855,0.11554,0.465980,0.269875,0.253243,544.8,200.2,0.008492,0.3864,0.11375,0.506211,0.312380,0.297371,544.8,200.1,0.007657,0.2557,0.05751,0.504814,0.310057,0.296164
10.633,545.2,199.8,0.008479,0.3860,0.11734,0.466928,0.271768,0.252782,545.2,199.8,0.008506,0.3857,0.11443,0.504301,0.313311,0.293357,544.8,200.1,0.007709,0.2419,0.05759,0.506994,0.311814,0.297938
10.667,545.2,199.8,0.008471,0.3864,0.11819,0.467185,0.272114,0.252979,545.2,199.8,0.008510,0.3858,0.11415,0.504811,0.313662,0.294096,545.2,199.8,0.007710,0.2419,0.05768,0.505830,0.313023,0.294067
10.700,545.2,200.2,0.008479,0.3852,0.11552,0.464984,0.271203,0.254234,545.2,200.2,0.008518,0.3854,0.11640,0.502036,0.311396,0.294393,545.2,200.2,0.007741,0.2427,0.05660,0.504132,0.312057,0.296049
10.733,544.8,199.8,0.008476,0.3863,0.11925,0.468815,0.271425,0.253504,544.8,199.8,0.008522,0.3851,0.11633,0.505924,0.310455,0.292400,544.8,199.8,0.007742,0.2429,0.05651,0.507406,0.311360,0.294244
10.767,545.2,199.8,0.008447,0.3862,0.11249,0.464620,0.269684,0.250855,545.2,199.8,0.008460,0.3850,0.11533,0.499593,0.305784,0.285904,545.1,199.8,0.007738,0.2442,0.05690,0.503912,0.308018,0.288862
10.800,545.2,200.2,0.008443,0.3877,0.11541,0.462087,0.269265,0.251905,545.2,200.2,0.008452,0.3850,0.11008,0.495167,0.302873,0.286474,545.2,200.2,0.007734,0.2438,0.05706,0.495061,0.304022,0.286116
10.833,544.8,200.8,0.008459,0.3866,0.10557,0.465611,0.269733,0.256247,544.8,200.8,0.008487,0.3853,0.10887,0.498943,0.303922,0.292565,544.8,200.8,0.007788,0.2399,0.05627,0.499780,0.305043,0.292516
10.867,544.2,201.8,0.008468,0.3869,0.11014,0.466185,0.269460,0.258301,544.2,201.8,0.008493,0.3854,0.10883,0.502372,0.305974,0.299100,544.2,201.8,0.007799,0.2395,0.05666,0.502609,0.306373,0.298969
10.900,544.8,201.2,0.008448,0.3854,0.11143,0.461653,0.268248,0.254467,544.8,201.2,0.008456,0.3854,0.10802,0.495477,0.300894,0.291500,544.8,201.2,0.007805,0.2355,0.05576,0.497890,0.303760,0.294069
10.933,544.8,200.8,0.008446,0.3852,0.11560,0.462610,0.268708,0.253630,544.8,200.8,0.008449,0.3855,0.10647,0.493770,0.298454,0.286871,544.8,200.8,0.007781,0.2352,0.05605,0.493024,0.298595,0.285615
10.967,544.2,200.2,0.008453,0.3857,0.10959,0.469112,0.268554,0.253978,544.2,200.2,0.008476,0.3860,0.10814,0.500846,0.298604,0.285099,544.2,200.2,0.007815,0.2391,0.05649,0.500639,0.299561,0.284821
11.000,543.8,200.2,0.008465,0.3868,0.11285,0.472504,0.269436,0.254975,543.8,200.2,0.008488,0.3869,0.11150,0.505893,0.301119,0.289696,543.8,200.2,0.007822,0.2381,0.05591,0.505891,0.301284,0.289796
11.033,543.2,200.2,0.008471,0.3861,0.10660,0.476729,0.268884,0.256277,543.2,200.2,0.008444,0.3885,0.08955,0.510898,0.301145,0.291555,543.2,200.2,0.007822,0.2411,0.05599,0.509594,0.301642,0.291462
11.067,542.8,199.8,0.008406,0.3921,0.08806,0.478726,0.268156,0.254011,542.8,199.8,0.008438,0.3878,0.08980,0.511362,0.299233,0.288094,542.8,199.8,0.007822,0.2396,0.05581,0.514022,0.301521,0.289819
11.100,542.8,198.7,0.008404,0.3879,0.08824,0.482044,0.269606,0.251161,542.7,198.7,0.008435,0.3862,0.09011,0.515745,0.299935,0.282686,542.8,199.8,0.007769,0.2444,0.05475,0.513054,0.298235,0.288388
11.133,541.8,199.1,0.008385,0.3863,0.09000,0.483980,0.266903,0.251105,541.8,199.1,0.008432,0.3852,0.09006,0.515467,0.294611,0.281813,542.8,198.8,0.007769,0.2439,0.05510,0.516413,0.299903,0.282710
11.167,541.2,198.8,0.008358,0.3859,0.08940,0.487377,0.265849,0.249498,541.2,198.8,0.008394,0.3862,0.09204,0.519106,0.294109,0.280978,541.8,199.2,0.007676,0.2438,0.05681,0.514996,0.293301,0.281628
11.200,541.2,198.8,0.008347,0.3876,0.09058,0.486731,0.265614,0.249083,541.2,198.8,0.008394,0.3862,0.09204,0.519263,0.293739,0.280784,541.2,198.8,0.007673,0.2446,0.05701,0.518159,0.293761,0.280316
11.233,541.8,199.2,0.008341,0.3862,0.09020,0.482497,0.265437,0.249630,541.8,199.1,0.008379,0.3864,0.09217,0.513429,0.291975,0.279117,541.2,198.8,0.007666,0.2444,0.05730,0.518297,0.293265,0.280119
11.267,542.9,198.8,0.008333,0.3875,0.09126,0.477924,0.266693,0.248602,542.8,198.8,0.008375,0.3857,0.09283,0.507154,0.290673,0.272438,541.8,199.2,0.007658,0.2448,0.05709,0.512686,0.290276,0.278769
11.300,543.8,198.8,0.008335,0.3854,0.09043,0.472143,0.267503,0.247112,543.8,198.8,0.008339,0.3867,0.09118,0.500270,0.290634,0.269484,542.8,198.8,0.007656,0.2440,0.05869,0.507831,0.290591,0.272604
11.333,544.2,198.8,0.008287,0.3837,0.09027,0.470524,0.266151,0.247195,544.2,198.8,0.008339,0.3874,0.09195,0.493897,0.288786,0.266371,543.8,198.8,0.007656,0.2445,0.05861,0.500023,0.289015,0.270135
11.367,545.2,198.1,0.008232,0.3821,0.08805,0.462408,0.265243,0.242862,545.2,198.2,0.008242,0.3841,0.09022,0.486689,0.286834,0.263590,544.2,198.8,0.007644,0.2436,0.05864,0.494516,0.288684,0.266660
11.400,545.8,197.8,0.008202,0.3846,0.09109,0.458950,0.265857,0.240535,545.8,197.8,0.008219,0.3852,0.09073,0.481143,0.287239,0.259271,545.2,198.2,0.007594,0.2408,0.05960,0.482189,0.285133,0.259340
11.433,545.8,198.1,0.008149,0.3840,0.09181,0.455687,0.264141,0.240169,545.8,198.2,0.008182,0.3839,0.09269,0.477133,0.283816,0.257786,545.9,197.8,0.007576,0.2427,0.06025,0.480168,0.287858,0.258619
11.467,546.4,198.8,0.008146,0.3848,0.09256,0.449780,0.264022,0.240991,546.4,198.8,0.008175,0.3853,0.09284,0.469214,0.283136,0.258380,546.4,198.8,0.007568,0.2409,0.05906,0.467697,0.283728,0.257585
